Dataset,Model,class_ent,eq_num_attr,gravity,inst_to_attr,nr_attr,nr_bin,nr_class,nr_cor_attr,nr_inst,nr_norm,nr_outliers,ns_ratio,Processing Units Number,Training Operations,Prediction Operations,Active Regularization Mechanisms,Robust to Outliers,MCC
5G_Slicing,AdaBoost,1.5436456851468592,8.714258368011482,1.6055471885243442,20293.0,23,20,3,0.0434782608695652,466739,16.0,14,4.640249830809991,5.703782474656201,20.794189895823358,4.605170185988092,0,0,1.0
5G_Slicing,Bagging,1.5436456851468592,8.714258368011482,1.6055471885243442,20293.0,23,20,3,0.0434782608695652,466739,16.0,14,4.640249830809991,17.65869460863111,23.036614050052464,6.847594340217194,0,2,1.0
5G_Slicing,BernoulliNB,1.5436456851468592,8.714258368011482,1.6055471885243442,20293.0,23,20,3,0.0434782608695652,466739,16.0,14,4.640249830809991,4.276666119016055,16.189019709835268,3.1354942159291497,1,0,0.8753731841283968
5G_Slicing,DNN,1.5436456851468592,8.714258368011482,1.6055471885243442,20293.0,23,20,3,0.0434782608695652,466739,16.0,14,4.640249830809991,4.02535169073515,17.078877184641268,4.02535169073515,1,0,1.0
5G_Slicing,DT,1.5436456851468592,8.714258368011482,1.6055471885243442,20293.0,23,20,3,0.0434782608695652,466739,16.0,14,4.640249830809991,13.746671603202964,19.124591044624317,2.935571334789048,0,2,1.0
5G_Slicing,ExtraTree,1.5436456851468592,8.714258368011482,1.6055471885243442,20293.0,23,20,3,0.0434782608695652,466739,16.0,14,4.640249830809991,13.746671603202964,19.124591044624317,2.935571334789048,0,2,1.0
5G_Slicing,FT-Transformer,1.5436456851468592,8.714258368011482,1.6055471885243442,20293.0,23,20,3,0.0434782608695652,466739,16.0,14,4.640249830809991,5.950642552587727,19.004168046493845,5.950642552587727,1,0,1.0
5G_Slicing,GaussianNB,1.5436456851468592,8.714258368011482,1.6055471885243442,20293.0,23,20,3,0.0434782608695652,466739,16.0,14,4.640249830809991,4.948759890378168,16.189019709835268,3.1354942159291497,0,0,0.7625032652257198
5G_Slicing,KNN,1.5436456851468592,8.714258368011482,1.6055471885243442,20293.0,23,20,3,0.0434782608695652,466739,16.0,14,4.640249830809991,5.53338948872752,16.189019709835268,16.189019709835268,0,0,1.0
5G_Slicing,LDA,1.5436456851468592,8.714258368011482,1.6055471885243442,20293.0,23,20,3,0.0434782608695652,466739,16.0,14,4.640249830809991,5.84354441703136,19.324513925764418,3.1354942159291497,0,0,1.0
5G_Slicing,LR,1.5436456851468592,8.714258368011482,1.6055471885243442,20293.0,23,20,3,0.0434782608695652,466739,16.0,14,4.640249830809991,4.276666119016055,16.189019709835268,3.1354942159291497,0,0,1.0
5G_Slicing,LightGBM_ExtraTrees,1.5436456851468592,8.714258368011482,1.6055471885243442,20293.0,23,20,3,0.0434782608695652,466739,16.0,14,4.640249830809991,9.433483923290392,23.729761230612407,6.907755278982137,0,2,1.0
5G_Slicing,LightGBM_RF,1.5436456851468592,8.714258368011482,1.6055471885243442,20293.0,23,20,3,0.0434782608695652,466739,16.0,14,4.640249830809991,9.433483923290392,23.729761230612407,6.907755278982137,0,2,1.0
5G_Slicing,LinearSVC,1.5436456851468592,8.714258368011482,1.6055471885243442,20293.0,23,20,3,0.0434782608695652,466739,16.0,14,4.640249830809991,4.276666119016055,16.189019709835268,3.1354942159291497,1,0,1.0
5G_Slicing,MLP,1.5436456851468592,8.714258368011482,1.6055471885243442,20293.0,23,20,3,0.0434782608695652,466739,16.0,14,4.640249830809991,4.605170185988092,17.65869567989421,4.605170185988092,1,0,1.0
5G_Slicing,PassiveAggressive,1.5436456851468592,8.714258368011482,1.6055471885243442,20293.0,23,20,3,0.0434782608695652,466739,16.0,14,4.640249830809991,4.276666119016055,16.189019709835268,3.1354942159291497,1,1,1.0
5G_Slicing,Perceptron,1.5436456851468592,8.714258368011482,1.6055471885243442,20293.0,23,20,3,0.0434782608695652,466739,16.0,14,4.640249830809991,4.276666119016055,16.189019709835268,3.1354942159291497,1,1,1.0
5G_Slicing,QDA,1.5436456851468592,8.714258368011482,1.6055471885243442,20293.0,23,20,3,0.0434782608695652,466739,16.0,14,4.640249830809991,6.799055862058796,19.324513925764418,6.270988431858299,1,0,1.0
5G_Slicing,Ridge,1.5436456851468592,8.714258368011482,1.6055471885243442,20293.0,23,20,3,0.0434782608695652,466739,16.0,14,4.640249830809991,4.276666119016055,19.324513925764418,3.1354942159291497,1,0,1.0
5G_Slicing,SGD,1.5436456851468592,8.714258368011482,1.6055471885243442,20293.0,23,20,3,0.0434782608695652,466739,16.0,14,4.640249830809991,4.276666119016055,16.189019709835268,3.1354942159291497,1,1,1.0
5G_Slicing,TabICL,1.5436456851468592,8.714258368011482,1.6055471885243442,20293.0,23,20,3,0.0434782608695652,466739,16.0,14,4.640249830809991,17.131595050277248,16.189019709835268,16.189019709835268,0,1,1.0
5G_Slicing,TabNet,1.5436456851468592,8.714258368011482,1.6055471885243442,20293.0,23,20,3,0.0434782608695652,466739,16.0,14,4.640249830809991,4.852030263919617,17.905555757825734,4.852030263919617,1,1,1.0
5G_Slicing,TabPFN,1.5436456851468592,8.714258368011482,1.6055471885243442,20293.0,23,20,3,0.0434782608695652,466739,16.0,14,4.640249830809991,17.788687814342346,16.189019709835268,16.189019709835268,0,1,1.0
5G_Slicing,TabTransformer,1.5436456851468592,8.714258368011482,1.6055471885243442,20293.0,23,20,3,0.0434782608695652,466739,16.0,14,4.640249830809991,4.927253685157205,17.980779179063322,4.927253685157205,1,0,1.0
5G_Slicing,XGBoost,1.5436456851468592,8.714258368011482,1.6055471885243442,20293.0,23,20,3,0.0434782608695652,466739,16.0,14,4.640249830809991,9.449357272446683,23.729761230612407,6.396929655216146,0,1,1.0
ASNM-CDX-2009,AdaBoost,0.0645960196718355,8.569846299866542,69479128195.3121,6.491563554555681,889,101,2,0.0665617811287102,5771,32.0,835,285.0146348038438,5.0106352940962555,19.362720895653016,3.912023005428146,0,0,0.854941573661119
ASNM-CDX-2009,Bagging,0.0645960196718355,8.569846299866542,69479128195.3121,6.491563554555681,889,101,2,0.0665617811287102,5771,32.0,835,285.0146348038438,13.26568419684855,21.88803790200929,6.4373400117844195,0,2,0.854941573661119
ASNM-CDX-2009,BernoulliNB,0.0645960196718355,8.569846299866542,69479128195.3121,6.491563554555681,889,101,2,0.0665617811287102,5771,32.0,835,285.0146348038438,7.484368643286131,15.450697890224872,6.790097235513905,1,0,0.1850627609327673
ASNM-CDX-2009,DNN,0.0645960196718355,8.569846299866542,69479128195.3121,6.491563554555681,889,101,2,0.0665617811287102,5771,32.0,835,285.0146348038438,4.02535169073515,12.685952345446116,4.02535169073515,1,0,0.0234542111863979
ASNM-CDX-2009,DT,0.0645960196718355,8.569846299866542,69479128195.3121,6.491563554555681,889,101,2,0.0665617811287102,5771,32.0,835,285.0146348038438,9.353661191420406,17.976014896581145,2.5253170063562735,0,2,0.8387754431168755
ASNM-CDX-2009,ExtraTree,0.0645960196718355,8.569846299866542,69479128195.3121,6.491563554555681,889,101,2,0.0665617811287102,5771,32.0,835,285.0146348038438,9.353661191420406,17.976014896581145,2.5253170063562735,0,2,0.7735015953575879
ASNM-CDX-2009,FT-Transformer,0.0645960196718355,8.569846299866542,69479128195.3121,6.491563554555681,889,101,2,0.0665617811287102,5771,32.0,835,285.0146348038438,5.545177444479562,14.205778099190528,5.545177444479562,2,0,0.2124232170143914
ASNM-CDX-2009,GaussianNB,0.0645960196718355,8.569846299866542,69479128195.3121,6.491563554555681,889,101,2,0.0665617811287102,5771,32.0,835,285.0146348038438,8.17695386822578,15.450697890224872,6.790097235513905,0,0,0.0362643813651307
ASNM-CDX-2009,KNN,0.0645960196718355,8.569846299866542,69479128195.3121,6.491563554555681,889,101,2,0.0665617811287102,5771,32.0,835,285.0146348038438,9.187992508312275,15.450697890224872,15.450697890224872,0,0,0.0
ASNM-CDX-2009,LDA,0.0645960196718355,8.569846299866542,69479128195.3121,6.491563554555681,889,101,2,0.0665617811287102,5771,32.0,835,285.0146348038438,12.892655830127474,22.240795125738774,6.790097235513905,1,0,0.0921430016204374
ASNM-CDX-2009,LR,0.0645960196718355,8.569846299866542,69479128195.3121,6.491563554555681,889,101,2,0.0665617811287102,5771,32.0,835,285.0146348038438,7.484368643286131,15.450697890224872,6.790097235513905,1,0,0.0798867398887491
ASNM-CDX-2009,LightGBM_ExtraTrees,0.0645960196718355,8.569846299866542,69479128195.3121,6.491563554555681,889,101,2,0.0665617811287102,5771,32.0,835,285.0146348038438,10.138559674715612,22.581185082569235,6.907755278982137,0,2,0.6921468204453818
ASNM-CDX-2009,LightGBM_RF,0.0645960196718355,8.569846299866542,69479128195.3121,6.491563554555681,889,101,2,0.0665617811287102,5771,32.0,835,285.0146348038438,11.237171963383721,23.679797371237346,8.006367567650246,0,2,0.698253026677302
ASNM-CDX-2009,LinearSVC,0.0645960196718355,8.569846299866542,69479128195.3121,6.491563554555681,889,101,2,0.0665617811287102,5771,32.0,835,285.0146348038438,7.484368643286131,15.450697890224872,6.790097235513905,1,0,0.1055096350755383
ASNM-CDX-2009,MLP,0.0645960196718355,8.569846299866542,69479128195.3121,6.491563554555681,889,101,2,0.0665617811287102,5771,32.0,835,285.0146348038438,4.605170185988092,13.265770840699059,4.605170185988092,1,0,0.0304720108765239
ASNM-CDX-2009,PassiveAggressive,0.0645960196718355,8.569846299866542,69479128195.3121,6.491563554555681,889,101,2,0.0665617811287102,5771,32.0,835,285.0146348038438,7.484368643286131,15.450697890224872,6.790097235513905,1,1,0.0624215416478806
ASNM-CDX-2009,Perceptron,0.0645960196718355,8.569846299866542,69479128195.3121,6.491563554555681,889,101,2,0.0665617811287102,5771,32.0,835,285.0146348038438,7.484368643286131,15.450697890224872,6.790097235513905,0,1,0.0400445065907514
ASNM-CDX-2009,QDA,0.0645960196718355,8.569846299866542,69479128195.3121,6.491563554555681,889,101,2,0.0665617811287102,5771,32.0,835,285.0146348038438,13.583563368093914,22.240795125738774,13.58019447102781,1,0,0.0052242109184989
ASNM-CDX-2009,Ridge,0.0645960196718355,8.569846299866542,69479128195.3121,6.491563554555681,889,101,2,0.0665617811287102,5771,32.0,835,285.0146348038438,7.484368643286131,22.240795125738774,6.790097235513905,1,0,0.5855920850569093
ASNM-CDX-2009,SGD,0.0645960196718355,8.569846299866542,69479128195.3121,6.491563554555681,889,101,2,0.0665617811287102,5771,32.0,835,285.0146348038438,7.484368643286131,15.450697890224872,6.790097235513905,1,1,0.0421198784123674
ASNM-CDX-2009,TabICL,0.0645960196718355,8.569846299866542,69479128195.3121,6.491563554555681,889,101,2,0.0665617811287102,5771,32.0,835,285.0146348038438,17.131595050277248,15.450697890224872,15.450697890224872,0,1,0.8533002862910458
ASNM-CDX-2009,TabNet,0.0645960196718355,8.569846299866542,69479128195.3121,6.491563554555681,889,101,2,0.0665617811287102,5771,32.0,835,285.0146348038438,4.564348191467836,13.224948846178803,4.564348191467836,1,1,0.3196357794028881
ASNM-CDX-2009,TabPFN,0.0645960196718355,8.569846299866542,69479128195.3121,6.491563554555681,889,101,2,0.0665617811287102,5771,32.0,835,285.0146348038438,17.788687814342346,15.450697890224872,15.450697890224872,0,1,0.839866641171852
ASNM-CDX-2009,TabTransformer,0.0645960196718355,8.569846299866542,69479128195.3121,6.491563554555681,889,101,2,0.0665617811287102,5771,32.0,835,285.0146348038438,9.275003885301905,17.93560454001287,9.275003885301905,1,0,0.1501928805593871
ASNM-CDX-2009,XGBoost,0.0645960196718355,8.569846299866542,69479128195.3121,6.491563554555681,889,101,2,0.0665617811287102,5771,32.0,835,285.0146348038438,15.057443666076606,23.679797371237346,8.229099481012474,0,1,0.8655246264140278
BoTNeTIoT-L01,AdaBoost,0.3976346315873243,1.5159362597633632,1.0023644171188174e+16,307069.82608695654,23,0,2,0.2134387351778656,7062606,1.0,18,12.714866030931228,5.703782474656201,23.510989065091,4.605170185988092,0,0,0.9990831727161924
BoTNeTIoT-L01,Bagging,0.3976346315873243,1.5159362597633632,1.0023644171188174e+16,307069.82608695654,23,0,2,0.2134387351778656,7062606,1.0,18,12.714866030931228,20.375494778366452,25.942484802246174,7.036665923143267,0,2,0.9997862592482516
BoTNeTIoT-L01,BernoulliNB,0.3976346315873243,1.5159362597633632,1.0023644171188174e+16,307069.82608695654,23,0,2,0.2134387351778656,7062606,1.0,18,12.714866030931228,3.871201010907891,18.90581887910291,3.1354942159291497,1,0,0.5725211826699843
BoTNeTIoT-L01,DNN,0.3976346315873243,1.5159362597633632,1.0023644171188174e+16,307069.82608695654,23,0,2,0.2134387351778656,7062606,1.0,18,12.714866030931228,3.871201010907891,19.64152567408165,3.871201010907891,1,0,0.2248455282221997
BoTNeTIoT-L01,DT,0.3976346315873243,1.5159362597633632,1.0023644171188174e+16,307069.82608695654,23,0,2,0.2134387351778656,7062606,1.0,18,12.714866030931228,14.55609031492158,22.03046179681803,2.995732273553991,0,2,0.9997448900290886
BoTNeTIoT-L01,ExtraTree,0.3976346315873243,1.5159362597633632,1.0023644171188174e+16,307069.82608695654,23,0,2,0.2134387351778656,7062606,1.0,18,12.714866030931228,14.55609031492158,22.03046179681803,2.995732273553991,0,2,0.9996345546830844
BoTNeTIoT-L01,FT-Transformer,0.3976346315873243,1.5159362597633632,1.0023644171188174e+16,307069.82608695654,23,0,2,0.2134387351778656,7062606,1.0,18,12.714866030931228,5.950642552587727,21.720967215761487,5.950642552587727,3,0,0.9977835031679192
BoTNeTIoT-L01,GaussianNB,0.3976346315873243,1.5159362597633632,1.0023644171188174e+16,307069.82608695654,23,0,2,0.2134387351778656,7062606,1.0,18,12.714866030931228,4.543294782270004,18.90581887910291,3.1354942159291497,0,0,0.0
BoTNeTIoT-L01,KNN,0.3976346315873243,1.5159362597633632,1.0023644171188174e+16,307069.82608695654,23,0,2,0.2134387351778656,7062606,1.0,18,12.714866030931228,4.23410650459726,18.90581887910291,18.90581887910291,0,0,0.9807207733002266
BoTNeTIoT-L01,LDA,0.3976346315873243,1.5159362597633632,1.0023644171188174e+16,307069.82608695654,23,0,2,0.2134387351778656,7062606,1.0,18,12.714866030931228,5.7745515455444085,22.04131309503206,3.1354942159291497,1,0,0.0
BoTNeTIoT-L01,LR,0.3976346315873243,1.5159362597633632,1.0023644171188174e+16,307069.82608695654,23,0,2,0.2134387351778656,7062606,1.0,18,12.714866030931228,3.871201010907891,18.90581887910291,3.1354942159291497,0,0,0.125757193133484
BoTNeTIoT-L01,LightGBM_ExtraTrees,0.3976346315873243,1.5159362597633632,1.0023644171188174e+16,307069.82608695654,23,0,2,0.2134387351778656,7062606,1.0,18,12.714866030931228,11.237171963383721,27.734244271474232,8.699514748210191,0,2,0.9943633692053454
BoTNeTIoT-L01,LightGBM_RF,0.3976346315873243,1.5159362597633632,1.0023644171188174e+16,307069.82608695654,23,0,2,0.2134387351778656,7062606,1.0,18,12.714866030931228,11.237171963383721,27.734244271474232,8.828425392371322,0,2,0.9985411751090694
BoTNeTIoT-L01,LinearSVC,0.3976346315873243,1.5159362597633632,1.0023644171188174e+16,307069.82608695654,23,0,2,0.2134387351778656,7062606,1.0,18,12.714866030931228,3.871201010907891,18.90581887910291,3.1354942159291497,1,0,0.0
BoTNeTIoT-L01,MLP,0.3976346315873243,1.5159362597633632,1.0023644171188174e+16,307069.82608695654,23,0,2,0.2134387351778656,7062606,1.0,18,12.714866030931228,3.912023005428146,19.682347668601906,3.912023005428146,1,0,0.2236981258256623
BoTNeTIoT-L01,PassiveAggressive,0.3976346315873243,1.5159362597633632,1.0023644171188174e+16,307069.82608695654,23,0,2,0.2134387351778656,7062606,1.0,18,12.714866030931228,3.871201010907891,18.90581887910291,3.1354942159291497,1,1,0.9850749883205138
BoTNeTIoT-L01,Perceptron,0.3976346315873243,1.5159362597633632,1.0023644171188174e+16,307069.82608695654,23,0,2,0.2134387351778656,7062606,1.0,18,12.714866030931228,3.871201010907891,18.90581887910291,3.1354942159291497,1,1,0.302474345525963
BoTNeTIoT-L01,QDA,0.3976346315873243,1.5159362597633632,1.0023644171188174e+16,307069.82608695654,23,0,2,0.2134387351778656,7062606,1.0,18,12.714866030931228,6.393590753950631,22.04131309503206,6.270988431858299,1,0,0.0380947375355355
BoTNeTIoT-L01,Ridge,0.3976346315873243,1.5159362597633632,1.0023644171188174e+16,307069.82608695654,23,0,2,0.2134387351778656,7062606,1.0,18,12.714866030931228,3.871201010907891,22.04131309503206,3.1354942159291497,1,0,0.9619217306930312
BoTNeTIoT-L01,SGD,0.3976346315873243,1.5159362597633632,1.0023644171188174e+16,307069.82608695654,23,0,2,0.2134387351778656,7062606,1.0,18,12.714866030931228,3.871201010907891,18.90581887910291,3.1354942159291497,1,1,0.3242885856621718
BoTNeTIoT-L01,TabICL,0.3976346315873243,1.5159362597633632,1.0023644171188174e+16,307069.82608695654,23,0,2,0.2134387351778656,7062606,1.0,18,12.714866030931228,17.131595050277248,18.90581887910291,18.90581887910291,0,1,0.9982502631704808
BoTNeTIoT-L01,TabNet,0.3976346315873243,1.5159362597633632,1.0023644171188174e+16,307069.82608695654,23,0,2,0.2134387351778656,7062606,1.0,18,12.714866030931228,4.564348191467836,20.334672854641596,4.564348191467836,1,1,0.997845241719845
BoTNeTIoT-L01,TabPFN,0.3976346315873243,1.5159362597633632,1.0023644171188174e+16,307069.82608695654,23,0,2,0.2134387351778656,7062606,1.0,18,12.714866030931228,17.788687814342346,18.90581887910291,18.90581887910291,0,1,0.9981883340372176
BoTNeTIoT-L01,TabTransformer,0.3976346315873243,1.5159362597633632,1.0023644171188174e+16,307069.82608695654,23,0,2,0.2134387351778656,7062606,1.0,18,12.714866030931228,5.62040086571715,21.390725528890908,5.62040086571715,1,0,0.976749103137232
BoTNeTIoT-L01,XGBoost,0.3976346315873243,1.5159362597633632,1.0023644171188174e+16,307069.82608695654,23,0,2,0.2134387351778656,7062606,1.0,18,12.714866030931228,12.229300771649381,26.63563198280612,6.907755278982137,1,1,0.9998896853816356
CIC-MalMem-2022,AdaBoost,1.0,2.203656824102268,4497.612855726217,1065.3818181818183,55,3,2,0.1663299663299663,58596,6.0,52,6.143102808461819,5.703782474656201,19.59092508507022,4.605170185988092,0,0,0.9999317382845035
CIC-MalMem-2022,Bagging,1.0,2.203656824102268,4497.612855726217,1065.3818181818183,55,3,2,0.1663299663299663,58596,6.0,52,6.143102808461819,15.58358336679568,21.66022406342394,6.674469164341808,0,2,0.9997269531361056
CIC-MalMem-2022,BernoulliNB,1.0,2.203656824102268,4497.612855726217,1065.3818181818183,55,3,2,0.1663299663299663,58596,6.0,52,6.143102808461819,4.718498871295094,14.985754899082131,4.007333185232471,1,0,0.1710843420795944
CIC-MalMem-2022,DNN,1.0,2.203656824102268,4497.612855726217,1065.3818181818183,55,3,2,0.1663299663299663,58596,6.0,52,6.143102808461819,4.02535169073515,15.003773404584809,4.02535169073515,1,0,0.9938951621687728
CIC-MalMem-2022,DT,1.0,2.203656824102268,4497.612855726217,1065.3818181818183,55,3,2,0.1663299663299663,58596,6.0,52,6.143102808461819,11.671560361367534,17.748201057995793,2.7624461589136624,0,2,0.9997952101935308
CIC-MalMem-2022,ExtraTree,1.0,2.203656824102268,4497.612855726217,1065.3818181818183,55,3,2,0.1663299663299663,58596,6.0,52,6.143102808461819,11.671560361367534,17.748201057995793,2.7624461589136624,0,2,0.9997952101935308
CIC-MalMem-2022,FT-Transformer,1.0,2.203656824102268,4497.612855726217,1065.3818181818183,55,3,2,0.1663299663299663,58596,6.0,52,6.143102808461819,5.545177444479562,16.523599158329223,5.545177444479562,3,0,0.9943361693539646
CIC-MalMem-2022,GaussianNB,1.0,2.203656824102268,4497.612855726217,1065.3818181818183,55,3,2,0.1663299663299663,58596,6.0,52,6.143102808461819,5.402677381872279,14.985754899082131,4.007333185232471,0,0,0.982279547710444
CIC-MalMem-2022,KNN,1.0,2.203656824102268,4497.612855726217,1065.3818181818183,55,3,2,0.1663299663299663,58596,6.0,52,6.143102808461819,5.10594547390058,14.985754899082131,14.985754899082131,0,0,0.9993856818060204
CIC-MalMem-2022,LDA,1.0,2.203656824102268,4497.612855726217,1065.3818181818183,55,3,2,0.1663299663299663,58596,6.0,52,6.143102808461819,7.408530566894626,18.993088084314603,4.007333185232471,0,0,0.9914671075294016
CIC-MalMem-2022,LR,1.0,2.203656824102268,4497.612855726217,1065.3818181818183,55,3,2,0.1663299663299663,58596,6.0,52,6.143102808461819,4.718498871295094,14.985754899082131,4.007333185232471,1,0,0.991910780540764
CIC-MalMem-2022,LightGBM_ExtraTrees,1.0,2.203656824102268,4497.612855726217,1065.3818181818183,55,3,2,0.1663299663299663,58596,6.0,52,6.143102808461819,11.237171963383721,23.451983532651994,8.466228633569862,0,2,0.9968601883800856
CIC-MalMem-2022,LightGBM_RF,1.0,2.203656824102268,4497.612855726217,1065.3818181818183,55,3,2,0.1663299663299663,58596,6.0,52,6.143102808461819,10.532096211958502,23.451983532651994,8.006367567650246,0,2,0.9983275454275627
CIC-MalMem-2022,LinearSVC,1.0,2.203656824102268,4497.612855726217,1065.3818181818183,55,3,2,0.1663299663299663,58596,6.0,52,6.143102808461819,4.718498871295094,14.985754899082131,4.007333185232471,1,0,0.9914328628889276
CIC-MalMem-2022,MLP,1.0,2.203656824102268,4497.612855726217,1065.3818181818183,55,3,2,0.1663299663299663,58596,6.0,52,6.143102808461819,3.912023005428146,14.890444719277806,3.912023005428146,1,0,0.0211590706439579
CIC-MalMem-2022,PassiveAggressive,1.0,2.203656824102268,4497.612855726217,1065.3818181818183,55,3,2,0.1663299663299663,58596,6.0,52,6.143102808461819,4.718498871295094,14.985754899082131,4.007333185232471,1,1,0.9881938222391932
CIC-MalMem-2022,Perceptron,1.0,2.203656824102268,4497.612855726217,1065.3818181818183,55,3,2,0.1663299663299663,58596,6.0,52,6.143102808461819,4.718498871295094,14.985754899082131,4.007333185232471,1,1,0.9785313282775916
CIC-MalMem-2022,QDA,1.0,2.203656824102268,4497.612855726217,1065.3818181818183,55,3,2,0.1663299663299663,58596,6.0,52,6.143102808461819,8.06777619577889,18.993088084314603,8.014666370464942,1,0,0.9947450035323032
CIC-MalMem-2022,Ridge,1.0,2.203656824102268,4497.612855726217,1065.3818181818183,55,3,2,0.1663299663299663,58596,6.0,52,6.143102808461819,4.718498871295094,18.993088084314603,4.007333185232471,1,0,0.991774349495124
CIC-MalMem-2022,SGD,1.0,2.203656824102268,4497.612855726217,1065.3818181818183,55,3,2,0.1663299663299663,58596,6.0,52,6.143102808461819,4.718498871295094,14.985754899082131,4.007333185232471,2,1,0.9842683625602204
CIC-MalMem-2022,TabICL,1.0,2.203656824102268,4497.612855726217,1065.3818181818183,55,3,2,0.1663299663299663,58596,6.0,52,6.143102808461819,17.131595050277248,14.985754899082131,14.985754899082131,0,1,0.9999317359546728
CIC-MalMem-2022,TabNet,1.0,2.203656824102268,4497.612855726217,1065.3818181818183,55,3,2,0.1663299663299663,58596,6.0,52,6.143102808461819,4.564348191467836,15.542769905317497,4.564348191467836,1,1,0.8819500573959297
CIC-MalMem-2022,TabPFN,1.0,2.203656824102268,4497.612855726217,1065.3818181818183,55,3,2,0.1663299663299663,58596,6.0,52,6.143102808461819,17.788687814342346,14.985754899082131,14.985754899082131,0,1,0.999965868559814
CIC-MalMem-2022,TabTransformer,1.0,2.203656824102268,4497.612855726217,1065.3818181818183,55,3,2,0.1663299663299663,58596,6.0,52,6.143102808461819,6.492239835020471,17.470661548870133,6.492239835020471,1,0,0.9942330786817956
CIC-MalMem-2022,XGBoost,1.0,2.203656824102268,4497.612855726217,1065.3818181818183,55,3,2,0.1663299663299663,58596,6.0,52,6.143102808461819,17.375342836023734,23.451983532651994,8.466228633569862,0,1,0.9998634742390172
DDOS-ANL,AdaBoost,0.5471713450674891,3.6571314380747983,4753849.459785042,55401.74358974359,39,16,5,0.0904183535762483,2160668,0.0,21,19.577752691204036,5.0106352940962555,22.16151264266661,3.912023005428146,0,0,0.9237540218632266
DDOS-ANL,Bagging,0.5471713450674891,3.6571314380747983,4753849.459785042,55401.74358974359,39,16,5,0.0904183535762483,2160668,0.0,21,19.577752691204036,19.19109794568697,25.208082822678897,6.95859318544043,0,2,0.9091101248696593
DDOS-ANL,BernoulliNB,0.5471713450674891,3.6571314380747983,4753849.459785042,55401.74358974359,39,16,5,0.0904183535762483,2160668,0.0,21,19.577752691204036,5.298317366548036,18.249489637238465,3.6635616461296463,1,0,0.8517086139235537
DDOS-ANL,DNN,0.5471713450674891,3.6571314380747983,4753849.459785042,55401.74358974359,39,16,5,0.0904183535762483,2160668,0.0,21,19.577752691204036,4.02535169073515,18.611279681843968,4.02535169073515,1,0,0.0
DDOS-ANL,DT,0.5471713450674891,3.6571314380747983,4753849.459785042,55401.74358974359,39,16,5,0.0904183535762483,2160668,0.0,21,19.577752691204036,7.624130585661289,21.29605981725075,2.302585092994046,0,2,0.9256364234983824
DDOS-ANL,ExtraTree,0.5471713450674891,3.6571314380747983,4753849.459785042,55401.74358974359,39,16,5,0.0904183535762483,2160668,0.0,21,19.577752691204036,7.624130585661289,21.29605981725075,2.302585092994046,0,2,0.9257256810699436
DDOS-ANL,FT-Transformer,0.5471713450674891,3.6571314380747983,4753849.459785042,55401.74358974359,39,16,5,0.0904183535762483,2160668,0.0,21,19.577752691204036,5.950642552587727,20.536570543696545,5.950642552587727,1,0,0.9254108546097424
DDOS-ANL,GaussianNB,0.5471713450674891,3.6571314380747983,4753849.459785042,55401.74358974359,39,16,5,0.0904183535762483,2160668,0.0,21,19.577752691204036,5.978885764901122,18.249489637238465,3.6635616461296463,0,0,0.8610782565319745
DDOS-ANL,KNN,0.5471713450674891,3.6571314380747983,4753849.459785042,55401.74358974359,39,16,5,0.0904183535762483,2160668,0.0,21,19.577752691204036,5.272999558563747,18.249489637238465,18.249489637238465,0,0,0.925576134795928
DDOS-ANL,LDA,0.5471713450674891,3.6571314380747983,4753849.459785042,55401.74358974359,39,16,5,0.0904183535762483,2160668,0.0,21,19.577752691204036,6.882437470997847,21.913051283368112,3.6635616461296463,0,0,0.8781691942172215
DDOS-ANL,LR,0.5471713450674891,3.6571314380747983,4753849.459785042,55401.74358974359,39,16,5,0.0904183535762483,2160668,0.0,21,19.577752691204036,5.298317366548036,18.249489637238465,3.6635616461296463,1,0,0.8694569412928984
DDOS-ANL,LightGBM_ExtraTrees,0.5471713450674891,3.6571314380747983,4753849.459785042,55401.74358974359,39,16,5,0.0904183535762483,2160668,0.0,21,19.577752691204036,9.814656338829513,26.99984229190695,8.699514748210191,0,2,0.925616340846636
DDOS-ANL,LightGBM_RF,0.5471713450674891,3.6571314380747983,4753849.459785042,55401.74358974359,39,16,5,0.0904183535762483,2160668,0.0,21,19.577752691204036,9.814656338829513,26.99984229190695,8.750352654668484,0,2,0.9257596080439106
DDOS-ANL,LinearSVC,0.5471713450674891,3.6571314380747983,4753849.459785042,55401.74358974359,39,16,5,0.0904183535762483,2160668,0.0,21,19.577752691204036,5.298317366548036,18.249489637238465,3.6635616461296463,1,0,0.8908609214115937
DDOS-ANL,MLP,0.5471713450674891,3.6571314380747983,4753849.459785042,55401.74358974359,39,16,5,0.0904183535762483,2160668,0.0,21,19.577752691204036,4.605170185988092,19.19109817709691,4.605170185988092,1,0,0.0
DDOS-ANL,PassiveAggressive,0.5471713450674891,3.6571314380747983,4753849.459785042,55401.74358974359,39,16,5,0.0904183535762483,2160668,0.0,21,19.577752691204036,5.298317366548036,18.249489637238465,3.6635616461296463,1,1,0.8768053369222396
DDOS-ANL,Perceptron,0.5471713450674891,3.6571314380747983,4753849.459785042,55401.74358974359,39,16,5,0.0904183535762483,2160668,0.0,21,19.577752691204036,5.298317366548036,18.249489637238465,3.6635616461296463,0,1,0.8694837997943338
DDOS-ANL,QDA,0.5471713450674891,3.6571314380747983,4753849.459785042,55401.74358974359,39,16,5,0.0904183535762483,2160668,0.0,21,19.577752691204036,8.31752199628717,21.913051283368112,7.327123292259293,1,0,0.8260339496736001
DDOS-ANL,Ridge,0.5471713450674891,3.6571314380747983,4753849.459785042,55401.74358974359,39,16,5,0.0904183535762483,2160668,0.0,21,19.577752691204036,5.298317366548036,21.913051283368112,3.6635616461296463,1,0,0.9196245072292488
DDOS-ANL,SGD,0.5471713450674891,3.6571314380747983,4753849.459785042,55401.74358974359,39,16,5,0.0904183535762483,2160668,0.0,21,19.577752691204036,5.298317366548036,18.249489637238465,3.6635616461296463,1,1,0.898169996881583
DDOS-ANL,TabICL,0.5471713450674891,3.6571314380747983,4753849.459785042,55401.74358974359,39,16,5,0.0904183535762483,2160668,0.0,21,19.577752691204036,17.131595050277248,18.249489637238465,18.249489637238465,0,1,0.925793853489034
DDOS-ANL,TabNet,0.5471713450674891,3.6571314380747983,4753849.459785042,55401.74358974359,39,16,5,0.0904183535762483,2160668,0.0,21,19.577752691204036,4.564348191467836,19.150276182576654,4.564348191467836,1,1,0.9258016984291436
DDOS-ANL,TabPFN,0.5471713450674891,3.6571314380747983,4753849.459785042,55401.74358974359,39,16,5,0.0904183535762483,2160668,0.0,21,19.577752691204036,17.788687814342346,18.249489637238465,18.249489637238465,0,1,0.9257468102362404
DDOS-ANL,TabTransformer,0.5471713450674891,3.6571314380747983,4753849.459785042,55401.74358974359,39,16,5,0.0904183535762483,2160668,0.0,21,19.577752691204036,6.148468295917647,20.734396287026467,6.148468295917647,1,0,0.9199735197831886
DDOS-ANL,XGBoost,0.5471713450674891,3.6571314380747983,4753849.459785042,55401.74358974359,39,16,5,0.0904183535762483,2160668,0.0,21,19.577752691204036,9.449357272446683,25.90123000323884,6.396929655216146,1,1,0.9258016990260752
DeepSlice,AdaBoost,1.4651529400440646,4.585187376245139,123.52044663247176,3509.277777777778,18,14,3,0.0457516339869281,63167,8.0,8,3.1289452480317608,5.703782474656201,18.549079235751694,4.605170185988092,0,0,1.0
DeepSlice,Bagging,1.4651529400440646,4.585187376245139,123.52044663247176,3509.277777777778,18,14,3,0.0457516339869281,63167,8.0,8,3.1289452480317608,15.658699562298692,20.625196901625234,6.6812878518616285,0,2,1.0
DeepSlice,BernoulliNB,1.4651529400440646,4.585187376245139,123.52044663247176,3509.277777777778,18,14,3,0.0457516339869281,63167,8.0,8,3.1289452480317608,4.04305126783455,13.943909049763604,2.8903717578961645,1,0,1.0
DeepSlice,DNN,1.4651529400440646,4.585187376245139,123.52044663247176,3509.277777777778,18,14,3,0.0457516339869281,63167,8.0,8,3.1289452480317608,3.871201010907891,14.924738302775332,3.871201010907891,1,0,1.0
DeepSlice,DT,1.4651529400440646,4.585187376245139,123.52044663247176,3509.277777777778,18,14,3,0.0457516339869281,63167,8.0,8,3.1289452480317608,11.746676556870545,16.713173896197087,2.769264846433482,0,2,1.0
DeepSlice,ExtraTree,1.4651529400440646,4.585187376245139,123.52044663247176,3509.277777777778,18,14,3,0.0457516339869281,63167,8.0,8,3.1289452480317608,11.746676556870545,16.713173896197087,2.769264846433482,0,2,1.0
DeepSlice,FT-Transformer,1.4651529400440646,4.585187376245139,123.52044663247176,3509.277777777778,18,14,3,0.0457516339869281,63167,8.0,8,3.1289452480317608,5.950642552587727,17.004179844455166,5.950642552587727,1,0,1.0
DeepSlice,GaussianNB,1.4651529400440646,4.585187376245139,123.52044663247176,3509.277777777778,18,14,3,0.0457516339869281,63167,8.0,8,3.1289452480317608,4.709530201312334,13.943909049763604,2.8903717578961645,0,0,1.0
DeepSlice,KNN,1.4651529400440646,4.585187376245139,123.52044663247176,3509.277777777778,18,14,3,0.0457516339869281,63167,8.0,8,3.1289452480317608,5.288267030694535,13.943909049763604,13.943909049763604,0,0,1.0
DeepSlice,LDA,1.4651529400440646,4.585187376245139,123.52044663247176,3509.277777777778,18,14,3,0.0457516339869281,63167,8.0,8,3.1289452480317608,5.41610040220442,16.83428080765977,2.8903717578961645,0,0,0.6737412364504448
DeepSlice,LR,1.4651529400440646,4.585187376245139,123.52044663247176,3509.277777777778,18,14,3,0.0457516339869281,63167,8.0,8,3.1289452480317608,4.04305126783455,13.943909049763604,2.8903717578961645,0,0,1.0
DeepSlice,LightGBM_ExtraTrees,1.4651529400440646,4.585187376245139,123.52044663247176,3509.277777777778,18,14,3,0.0457516339869281,63167,8.0,8,3.1289452480317608,9.433483923290392,21.318344082185178,6.907755278982137,0,2,1.0
DeepSlice,LightGBM_RF,1.4651529400440646,4.585187376245139,123.52044663247176,3509.277777777778,18,14,3,0.0457516339869281,63167,8.0,8,3.1289452480317608,9.433483923290392,21.318344082185178,6.907755278982137,0,2,1.0
DeepSlice,LinearSVC,1.4651529400440646,4.585187376245139,123.52044663247176,3509.277777777778,18,14,3,0.0457516339869281,63167,8.0,8,3.1289452480317608,4.04305126783455,13.943909049763604,2.8903717578961645,1,0,1.0
DeepSlice,MLP,1.4651529400440646,4.585187376245139,123.52044663247176,3509.277777777778,18,14,3,0.0457516339869281,63167,8.0,8,3.1289452480317608,4.605170185988092,15.65870747785553,4.605170185988092,1,0,1.0
DeepSlice,PassiveAggressive,1.4651529400440646,4.585187376245139,123.52044663247176,3509.277777777778,18,14,3,0.0457516339869281,63167,8.0,8,3.1289452480317608,4.04305126783455,13.943909049763604,2.8903717578961645,1,1,1.0
DeepSlice,Perceptron,1.4651529400440646,4.585187376245139,123.52044663247176,3509.277777777778,18,14,3,0.0457516339869281,63167,8.0,8,3.1289452480317608,4.04305126783455,13.943909049763604,2.8903717578961645,1,1,1.0
DeepSlice,QDA,1.4651529400440646,4.585187376245139,123.52044663247176,3509.277777777778,18,14,3,0.0457516339869281,63167,8.0,8,3.1289452480317608,6.340359303727752,16.83428080765977,5.780743515792329,1,0,1.0
DeepSlice,Ridge,1.4651529400440646,4.585187376245139,123.52044663247176,3509.277777777778,18,14,3,0.0457516339869281,63167,8.0,8,3.1289452480317608,4.04305126783455,16.83428080765977,2.8903717578961645,1,0,1.0
DeepSlice,SGD,1.4651529400440646,4.585187376245139,123.52044663247176,3509.277777777778,18,14,3,0.0457516339869281,63167,8.0,8,3.1289452480317608,4.04305126783455,13.943909049763604,2.8903717578961645,1,1,1.0
DeepSlice,TabICL,1.4651529400440646,4.585187376245139,123.52044663247176,3509.277777777778,18,14,3,0.0457516339869281,63167,8.0,8,3.1289452480317608,17.131595050277248,13.943909049763604,13.943909049763604,0,1,1.0
DeepSlice,TabNet,1.4651529400440646,4.585187376245139,123.52044663247176,3509.277777777778,18,14,3,0.0457516339869281,63167,8.0,8,3.1289452480317608,4.852030263919617,15.905567555787057,4.852030263919617,1,1,1.0
DeepSlice,TabPFN,1.4651529400440646,4.585187376245139,123.52044663247176,3509.277777777778,18,14,3,0.0457516339869281,63167,8.0,8,3.1289452480317608,17.788687814342346,13.943909049763604,13.943909049763604,0,1,1.0
DeepSlice,TabTransformer,1.4651529400440646,4.585187376245139,123.52044663247176,3509.277777777778,18,14,3,0.0457516339869281,63167,8.0,8,3.1289452480317608,4.68213122712422,15.735668518991659,4.68213122712422,1,0,1.0
DeepSlice,XGBoost,1.4651529400440646,4.585187376245139,123.52044663247176,3509.277777777778,18,14,3,0.0457516339869281,63167,8.0,8,3.1289452480317608,9.449357272446683,21.318344082185178,6.396929655216146,0,1,1.0
IoT-APD,AdaBoost,2.315369769121552,31.029356568494265,14.379522890076636,723.0,15,1,5,0.0952380952380952,10845,0.0,12,41.27436039422639,5.703782474656201,16.604679810351275,4.605170185988092,0,0,0.2716895629786385
IoT-APD,Bagging,2.315369769121552,31.029356568494265,14.379522890076636,723.0,15,1,5,0.0952380952380952,10845,0.0,12,41.27436039422639,13.896583503990753,18.50715111050101,6.507641486137825,0,2,0.5823148350644274
IoT-APD,BernoulliNB,2.315369769121552,31.029356568494265,14.379522890076636,723.0,15,1,5,0.0952380952380952,10845,0.0,12,41.27436039422639,4.382026634673881,11.999509624363185,2.70805020110221,1,0,0.0759601003290728
IoT-APD,DNN,2.315369769121552,31.029356568494265,14.379522890076636,723.0,15,1,5,0.0952380952380952,10845,0.0,12,41.27436039422639,3.871201010907891,13.162660434168865,3.871201010907891,1,0,0.1565073325322271
IoT-APD,DT,2.315369769121552,31.029356568494265,14.379522890076636,723.0,15,1,5,0.0952380952380952,10845,0.0,12,41.27436039422639,9.984560498562606,14.595128105072863,2.5956184807096783,0,2,0.5261441765567354
IoT-APD,ExtraTree,2.315369769121552,31.029356568494265,14.379522890076636,723.0,15,1,5,0.0952380952380952,10845,0.0,12,41.27436039422639,9.984560498562606,14.595128105072863,2.5956184807096783,0,2,0.5189858817258678
IoT-APD,FT-Transformer,2.315369769121552,31.029356568494265,14.379522890076636,723.0,15,1,5,0.0952380952380952,10845,0.0,12,41.27436039422639,5.950642552587727,15.242101975848701,5.950642552587727,1,0,0.4260702011508537
IoT-APD,GaussianNB,2.315369769121552,31.029356568494265,14.379522890076636,723.0,15,1,5,0.0952380952380952,10845,0.0,12,41.27436039422639,5.043425116919247,11.999509624363185,2.70805020110221,0,0,0.127018751897804
IoT-APD,KNN,2.315369769121552,31.029356568494265,14.379522890076636,723.0,15,1,5,0.0952380952380952,10845,0.0,12,41.27436039422639,5.10594547390058,11.999509624363185,11.999509624363185,0,0,0.2769467103436864
IoT-APD,LDA,2.315369769121552,31.029356568494265,14.379522890076636,723.0,15,1,5,0.0952380952380952,10845,0.0,12,41.27436039422639,5.272999558563747,14.707559825465395,2.70805020110221,0,0,0.1437325183520395
IoT-APD,LR,2.315369769121552,31.029356568494265,14.379522890076636,723.0,15,1,5,0.0952380952380952,10845,0.0,12,41.27436039422639,4.382026634673881,11.999509624363185,2.70805020110221,1,0,0.133661535899314
IoT-APD,LightGBM_ExtraTrees,2.315369769121552,31.029356568494265,14.379522890076636,723.0,15,1,5,0.0952380952380952,10845,0.0,12,41.27436039422639,11.237171963383721,20.298910579729064,8.29940095536588,0,2,0.3667900468344877
IoT-APD,LightGBM_RF,2.315369769121552,31.029356568494265,14.379522890076636,723.0,15,1,5,0.0952380952380952,10845,0.0,12,41.27436039422639,11.237171963383721,20.298910579729064,8.29940095536588,0,2,0.5497712340253648
IoT-APD,LinearSVC,2.315369769121552,31.029356568494265,14.379522890076636,723.0,15,1,5,0.0952380952380952,10845,0.0,12,41.27436039422639,4.382026634673881,11.999509624363185,2.70805020110221,1,0,0.1570392193927027
IoT-APD,MLP,2.315369769121552,31.029356568494265,14.379522890076636,723.0,15,1,5,0.0952380952380952,10845,0.0,12,41.27436039422639,4.605170185988092,13.896629609249066,4.605170185988092,1,0,0.2380600675655862
IoT-APD,PassiveAggressive,2.315369769121552,31.029356568494265,14.379522890076636,723.0,15,1,5,0.0952380952380952,10845,0.0,12,41.27436039422639,4.382026634673881,11.999509624363185,2.70805020110221,1,1,0.038735736660242
IoT-APD,Perceptron,2.315369769121552,31.029356568494265,14.379522890076636,723.0,15,1,5,0.0952380952380952,10845,0.0,12,41.27436039422639,4.382026634673881,11.999509624363185,2.70805020110221,0,1,0.0320069240393751
IoT-APD,QDA,2.315369769121552,31.029356568494265,14.379522890076636,723.0,15,1,5,0.0952380952380952,10845,0.0,12,41.27436039422639,6.51471269087253,14.707559825465395,5.41610040220442,1,0,0.2076964869517987
IoT-APD,Ridge,2.315369769121552,31.029356568494265,14.379522890076636,723.0,15,1,5,0.0952380952380952,10845,0.0,12,41.27436039422639,4.382026634673881,14.707559825465395,2.70805020110221,1,0,0.1583299801373413
IoT-APD,SGD,2.315369769121552,31.029356568494265,14.379522890076636,723.0,15,1,5,0.0952380952380952,10845,0.0,12,41.27436039422639,4.382026634673881,11.999509624363185,2.70805020110221,1,1,0.1198378676535157
IoT-APD,TabICL,2.315369769121552,31.029356568494265,14.379522890076636,723.0,15,1,5,0.0952380952380952,10845,0.0,12,41.27436039422639,17.131595050277248,11.999509624363185,11.999509624363185,0,1,0.684162635772223
IoT-APD,TabNet,2.315369769121552,31.029356568494265,14.379522890076636,723.0,15,1,5,0.0952380952380952,10845,0.0,12,41.27436039422639,3.871201010907891,13.162660434168865,3.871201010907891,1,1,0.1011203806585344
IoT-APD,TabPFN,2.315369769121552,31.029356568494265,14.379522890076636,723.0,15,1,5,0.0952380952380952,10845,0.0,12,41.27436039422639,17.788687814342346,11.999509624363185,11.999509624363185,0,1,0.6262679497229163
IoT-APD,TabTransformer,2.315369769121552,31.029356568494265,14.379522890076636,723.0,15,1,5,0.0952380952380952,10845,0.0,12,41.27436039422639,5.19295685089021,14.484416274151185,5.19295685089021,1,0,0.2191299718790396
IoT-APD,XGBoost,2.315369769121552,31.029356568494265,14.379522890076636,723.0,15,1,5,0.0952380952380952,10845,0.0,12,41.27436039422639,10.547969561114792,20.298910579729064,7.495541943884256,1,1,0.5879469503300975
IoT-DNL,AdaBoost,2.5847961382725715,1.8328259549872408,60654274736603.7,36725.07692307692,13,0,6,0.141025641025641,477426,0.0,10,1.052123906411598,5.703782474656201,20.246283996520877,4.605170185988092,0,0,0.996890620995318
IoT-DNL,Bagging,2.5847961382725715,1.8328259549872408,60654274736603.7,36725.07692307692,13,0,6,0.141025641025641,477426,0.0,10,1.052123906411598,17.68133359177607,22.490440962218102,6.849327151685315,0,2,1.0
IoT-DNL,BernoulliNB,2.5847961382725715,1.8328259549872408,60654274736603.7,36725.07692307692,13,0,6,0.141025641025641,477426,0.0,10,1.052123906411598,4.430816798843313,15.641113810532786,2.5649493574615367,1,0,0.7962456196246401
IoT-DNL,DNN,2.5847961382725715,1.8328259549872408,60654274736603.7,36725.07692307692,13,0,6,0.141025641025641,477426,0.0,10,1.052123906411598,3.871201010907891,16.94736546397914,3.871201010907891,1,0,2.455823984435704e-06
IoT-DNL,DT,2.5847961382725715,1.8328259549872408,60654274736603.7,36725.07692307692,13,0,6,0.141025641025641,477426,0.0,10,1.052123906411598,13.769310586347926,18.578417956789956,2.9373041462571687,0,2,1.0
IoT-DNL,ExtraTree,2.5847961382725715,1.8328259549872408,60654274736603.7,36725.07692307692,13,0,6,0.141025641025641,477426,0.0,10,1.052123906411598,13.769310586347926,18.578417956789956,2.9373041462571687,0,2,0.9999899456542796
IoT-DNL,FT-Transformer,2.5847961382725715,1.8328259549872408,60654274736603.7,36725.07692307692,13,0,6,0.141025641025641,477426,0.0,10,1.052123906411598,4.852030263919617,17.928194716990866,4.852030263919617,1,0,0.8242678086600616
IoT-DNL,GaussianNB,2.5847961382725715,1.8328259549872408,60654274736603.7,36725.07692307692,13,0,6,0.141025641025641,477426,0.0,10,1.052123906411598,5.087596335232384,15.641113810532786,2.5649493574615367,0,0,0.484666274911364
IoT-DNL,KNN,2.5847961382725715,1.8328259549872408,60654274736603.7,36725.07692307692,13,0,6,0.141025641025641,477426,0.0,10,1.052123906411598,4.962844630259907,15.641113810532786,15.641113810532786,0,0,0.9174395978859912
IoT-DNL,LDA,2.5847961382725715,1.8328259549872408,60654274736603.7,36725.07692307692,13,0,6,0.141025641025641,477426,0.0,10,1.052123906411598,5.1298987149230735,18.206063167994323,2.5649493574615367,0,0,0.4850700375128905
IoT-DNL,LR,2.5847961382725715,1.8328259549872408,60654274736603.7,36725.07692307692,13,0,6,0.141025641025641,477426,0.0,10,1.052123906411598,4.430816798843313,15.641113810532786,2.5649493574615367,1,0,0.3102127854678276
IoT-DNL,LightGBM_ExtraTrees,2.5847961382725715,1.8328259549872408,60654274736603.7,36725.07692307692,13,0,6,0.141025641025641,477426,0.0,10,1.052123906411598,9.433483923290392,23.183588142778046,7.54247433224526,0,2,0.9487033847776646
IoT-DNL,LightGBM_RF,2.5847961382725715,1.8328259549872408,60654274736603.7,36725.07692307692,13,0,6,0.141025641025641,477426,0.0,10,1.052123906411598,11.237171963383721,24.282200431446157,8.006367567650246,0,2,0.9999648106862792
IoT-DNL,LinearSVC,2.5847961382725715,1.8328259549872408,60654274736603.7,36725.07692307692,13,0,6,0.141025641025641,477426,0.0,10,1.052123906411598,4.430816798843313,15.641113810532786,2.5649493574615367,1,0,0.2856935033032838
IoT-DNL,MLP,2.5847961382725715,1.8328259549872408,60654274736603.7,36725.07692307692,13,0,6,0.141025641025641,477426,0.0,10,1.052123906411598,4.605170185988092,17.68133463905934,4.605170185988092,1,0,2.64945441005986e-06
IoT-DNL,PassiveAggressive,2.5847961382725715,1.8328259549872408,60654274736603.7,36725.07692307692,13,0,6,0.141025641025641,477426,0.0,10,1.052123906411598,4.430816798843313,15.641113810532786,2.5649493574615367,1,1,0.2177615482102739
IoT-DNL,Perceptron,2.5847961382725715,1.8328259549872408,60654274736603.7,36725.07692307692,13,0,6,0.141025641025641,477426,0.0,10,1.052123906411598,4.430816798843313,15.641113810532786,2.5649493574615367,0,1,0.1850019730670196
IoT-DNL,QDA,2.5847961382725715,1.8328259549872408,60654274736603.7,36725.07692307692,13,0,6,0.141025641025641,477426,0.0,10,1.052123906411598,6.436150368369428,18.206063167994323,5.1298987149230735,1,0,0.8216336349215188
IoT-DNL,Ridge,2.5847961382725715,1.8328259549872408,60654274736603.7,36725.07692307692,13,0,6,0.141025641025641,477426,0.0,10,1.052123906411598,4.430816798843313,18.206063167994323,2.5649493574615367,1,0,0.8435097881412245
IoT-DNL,SGD,2.5847961382725715,1.8328259549872408,60654274736603.7,36725.07692307692,13,0,6,0.141025641025641,477426,0.0,10,1.052123906411598,4.430816798843313,15.641113810532786,2.5649493574615367,1,1,0.1374257816496277
IoT-DNL,TabICL,2.5847961382725715,1.8328259549872408,60654274736603.7,36725.07692307692,13,0,6,0.141025641025641,477426,0.0,10,1.052123906411598,17.131595050277248,15.641113810532786,15.641113810532786,0,1,0.9999924592604544
IoT-DNL,TabNet,2.5847961382725715,1.8328259549872408,60654274736603.7,36725.07692307692,13,0,6,0.141025641025641,477426,0.0,10,1.052123906411598,4.564348191467836,17.640512644539086,4.564348191467836,1,1,0.9946019536483734
IoT-DNL,TabPFN,2.5847961382725715,1.8328259549872408,60654274736603.7,36725.07692307692,13,0,6,0.141025641025641,477426,0.0,10,1.052123906411598,17.788687814342346,15.641113810532786,15.641113810532786,0,1,0.9999648106862792
IoT-DNL,TabTransformer,2.5847961382725715,1.8328259549872408,60654274736603.7,36725.07692307692,13,0,6,0.141025641025641,477426,0.0,10,1.052123906411598,5.049856007249537,18.126020460320785,5.049856007249537,1,0,0.6773819794834318
IoT-DNL,XGBoost,2.5847961382725715,1.8328259549872408,60654274736603.7,36725.07692307692,13,0,6,0.141025641025641,477426,0.0,10,1.052123906411598,9.449357272446683,23.183588142778046,6.396929655216146,0,1,0.9999949728298592
IoTID20,AdaBoost,0.3432644495341364,7.832829573088412,4639124.206861703,6657.265957446809,94,25,2,0.0597117364447494,625783,14.0,68,43.72031911100076,5.703782474656201,22.495223912877524,4.605170185988092,0,0,0.9665099859013516
IoTID20,Bagging,0.3432644495341364,7.832829573088412,4639124.206861703,6657.265957446809,94,25,2,0.0597117364447494,625783,14.0,68,43.72031911100076,17.951928331608187,24.759863352315968,6.8698096254265355,0,2,0.995499981327114
IoTID20,BernoulliNB,0.3432644495341364,7.832829573088412,4639124.206861703,6657.265957446809,94,25,2,0.0597117364447494,625783,14.0,68,43.72031911100076,5.247024072160486,17.890053726889434,4.543294782270004,1,0,0.577894531576039
IoTID20,DNN,0.3432644495341364,7.832829573088412,4639124.206861703,6657.265957446809,94,25,2,0.0597117364447494,625783,14.0,68,43.72031911100076,3.871201010907891,17.21795995552732,3.871201010907891,1,0,0.4827930236082012
IoTID20,DT,0.3432644495341364,7.832829573088412,4639124.206861703,6657.265957446809,94,25,2,0.0597117364447494,625783,14.0,68,43.72031911100076,14.039905326180042,20.847840346887825,2.9577866199983895,0,2,0.9948510024535556
IoTID20,ExtraTree,0.3432644495341364,7.832829573088412,4639124.206861703,6657.265957446809,94,25,2,0.0597117364447494,625783,14.0,68,43.72031911100076,14.039905326180042,20.847840346887825,2.9577866199983895,0,2,0.9897363853241185
IoTID20,FT-Transformer,0.3432644495341364,7.832829573088412,4639124.206861703,6657.265957446809,94,25,2,0.0597117364447494,625783,14.0,68,43.72031911100076,5.950642552587727,19.297401497207158,5.950642552587727,2,0,0.905489588937576
IoTID20,GaussianNB,0.3432644495341364,7.832829573088412,4639124.206861703,6657.265957446809,94,25,2,0.0597117364447494,625783,14.0,68,43.72031911100076,5.934894195619588,17.890053726889434,4.543294782270004,0,0,0.1634087329128018
IoTID20,KNN,0.3432644495341364,7.832829573088412,4639124.206861703,6657.265957446809,94,25,2,0.0597117364447494,625783,14.0,68,43.72031911100076,5.641907070938114,17.890053726889434,17.890053726889434,0,0,0.9614209904872364
IoTID20,LDA,0.3432644495341364,7.832829573088412,4639124.206861703,6657.265957446809,94,25,2,0.0597117364447494,625783,14.0,68,43.72031911100076,8.445267451844648,22.433348509159437,4.543294782270004,0,0,0.646394015583644
IoTID20,LR,0.3432644495341364,7.832829573088412,4639124.206861703,6657.265957446809,94,25,2,0.0597117364447494,625783,14.0,68,43.72031911100076,5.247024072160486,17.890053726889434,4.543294782270004,0,0,0.6819278427038041
IoTID20,LightGBM_ExtraTrees,0.3432644495341364,7.832829573088412,4639124.206861703,6657.265957446809,94,25,2,0.0597117364447494,625783,14.0,68,43.72031911100076,9.814656338829513,26.551622821544026,8.006367567650246,0,2,0.9338248627728402
IoTID20,LightGBM_RF,0.3432644495341364,7.832829573088412,4639124.206861703,6657.265957446809,94,25,2,0.0597117364447494,625783,14.0,68,43.72031911100076,10.532096211958502,26.551622821544026,8.66156909465459,0,2,0.988158624536636
IoTID20,LinearSVC,0.3432644495341364,7.832829573088412,4639124.206861703,6657.265957446809,94,25,2,0.0597117364447494,625783,14.0,68,43.72031911100076,5.247024072160486,17.890053726889434,4.543294782270004,1,0,0.6858396435875442
IoTID20,MLP,0.3432644495341364,7.832829573088412,4639124.206861703,6657.265957446809,94,25,2,0.0597117364447494,625783,14.0,68,43.72031911100076,3.912023005428146,17.258781950047577,3.912023005428146,1,0,0.2567950889454918
IoTID20,PassiveAggressive,0.3432644495341364,7.832829573088412,4639124.206861703,6657.265957446809,94,25,2,0.0597117364447494,625783,14.0,68,43.72031911100076,5.247024072160486,17.890053726889434,4.543294782270004,1,1,0.491990774854609
IoTID20,Perceptron,0.3432644495341364,7.832829573088412,4639124.206861703,6657.265957446809,94,25,2,0.0597117364447494,625783,14.0,68,43.72031911100076,5.247024072160486,17.890053726889434,4.543294782270004,1,1,0.457773064370914
IoTID20,QDA,0.3432644495341364,7.832829573088412,4639124.206861703,6657.265957446809,94,25,2,0.0597117364447494,625783,14.0,68,43.72031911100076,9.118005760773388,22.433348509159437,9.086589564540008,1,0,0.5919084386768224
IoTID20,Ridge,0.3432644495341364,7.832829573088412,4639124.206861703,6657.265957446809,94,25,2,0.0597117364447494,625783,14.0,68,43.72031911100076,5.247024072160486,22.433348509159437,4.543294782270004,1,0,0.6308938961344944
IoTID20,SGD,0.3432644495341364,7.832829573088412,4639124.206861703,6657.265957446809,94,25,2,0.0597117364447494,625783,14.0,68,43.72031911100076,5.247024072160486,17.890053726889434,4.543294782270004,1,1,0.5687425125199748
IoTID20,TabICL,0.3432644495341364,7.832829573088412,4639124.206861703,6657.265957446809,94,25,2,0.0597117364447494,625783,14.0,68,43.72031911100076,17.131595050277248,17.890053726889434,17.890053726889434,0,1,0.9880142257267732
IoTID20,TabNet,0.3432644495341364,7.832829573088412,4639124.206861703,6657.265957446809,94,25,2,0.0597117364447494,625783,14.0,68,43.72031911100076,4.564348191467836,17.911107136087267,4.564348191467836,1,1,0.975566657883005
IoTID20,TabPFN,0.3432644495341364,7.832829573088412,4639124.206861703,6657.265957446809,94,25,2,0.0597117364447494,625783,14.0,68,43.72031911100076,17.788687814342346,17.890053726889434,17.890053726889434,0,1,0.9856618925623506
IoTID20,TabTransformer,0.3432644495341364,7.832829573088412,4639124.206861703,6657.265957446809,94,25,2,0.0597117364447494,625783,14.0,68,43.72031911100076,7.028201432058005,20.374960376677436,7.028201432058005,1,0,0.8179213142743182
IoTID20,XGBoost,0.3432644495341364,7.832829573088412,4639124.206861703,6657.265957446809,94,25,2,0.0597117364447494,625783,14.0,68,43.72031911100076,10.547969561114792,26.551622821544026,7.495541943884256,0,1,0.9936682915222672
IoTNet24,AdaBoost,0.4129568272568125,3.684173889242945,54744.44297766372,680.7352941176471,34,24,2,0.1122994652406417,23145,3.0,29,4.439087608729601,5.703782474656201,18.181064764069625,4.605170185988092,0,0,0.999716536353734
IoTNet24,Bagging,0.4129568272568125,3.684173889242945,54744.44297766372,680.7352941176471,34,24,2,0.1122994652406417,23145,3.0,29,4.439087608729601,14.654682636282116,20.161961073871723,6.586066495790189,0,2,0.999716536353734
IoTNet24,BernoulliNB,0.4129568272568125,3.684173889242945,54744.44297766372,680.7352941176471,34,24,2,0.1122994652406417,23145,3.0,29,4.439087608729601,4.248495242049359,13.575894578081533,3.5263605246161616,1,0,0.9713611965348268
IoTNet24,DNN,0.4129568272568125,3.684173889242945,54744.44297766372,680.7352941176471,34,24,2,0.1122994652406417,23145,3.0,29,4.439087608729601,4.02535169073515,14.07488574420052,4.02535169073515,1,0,0.8545370142323903
IoTNet24,DT,0.4129568272568125,3.684173889242945,54744.44297766372,680.7352941176471,34,24,2,0.1122994652406417,23145,3.0,29,4.439087608729601,10.74265963085397,16.249938068443576,2.674043490362043,0,2,0.999716536353734
IoTNet24,ExtraTree,0.4129568272568125,3.684173889242945,54744.44297766372,680.7352941176471,34,24,2,0.1122994652406417,23145,3.0,29,4.439087608729601,10.74265963085397,16.249938068443576,2.674043490362043,0,2,0.999716536353734
IoTNet24,FT-Transformer,0.4129568272568125,3.684173889242945,54744.44297766372,680.7352941176471,34,24,2,0.1122994652406417,23145,3.0,29,4.439087608729601,4.852030263919617,14.901564317384988,4.852030263919617,2,0,0.9791173361061054
IoTNet24,GaussianNB,0.4129568272568125,3.684173889242945,54744.44297766372,680.7352941176471,34,24,2,0.1122994652406417,23145,3.0,29,4.439087608729601,4.927253685157205,13.575894578081533,3.5263605246161616,0,0,0.9281635905154422
IoTNet24,KNN,0.4129568272568125,3.684173889242945,54744.44297766372,680.7352941176471,34,24,2,0.1122994652406417,23145,3.0,29,4.439087608729601,5.135798437050262,13.575894578081533,13.575894578081533,0,0,0.9791609926287366
IoTNet24,LDA,0.4129568272568125,3.684173889242945,54744.44297766372,680.7352941176471,34,24,2,0.1122994652406417,23145,3.0,29,4.439087608729601,6.4967749901858625,17.102255102697693,3.5263605246161616,0,0,0.9716525988050942
IoTNet24,LR,0.4129568272568125,3.684173889242945,54744.44297766372,680.7352941176471,34,24,2,0.1122994652406417,23145,3.0,29,4.439087608729601,4.248495242049359,13.575894578081533,3.5263605246161616,1,0,0.9103323530924416
IoTNet24,LightGBM_ExtraTrees,0.4129568272568125,3.684173889242945,54744.44297766372,680.7352941176471,34,24,2,0.1122994652406417,23145,3.0,29,4.439087608729601,10.138559674715612,20.855108254431666,6.907755278982137,0,2,0.9857507507085708
IoTNet24,LightGBM_RF,0.4129568272568125,3.684173889242945,54744.44297766372,680.7352941176471,34,24,2,0.1122994652406417,23145,3.0,29,4.439087608729601,9.433483923290392,20.855108254431666,6.907755278982137,0,2,0.9994332869432064
IoTNet24,LinearSVC,0.4129568272568125,3.684173889242945,54744.44297766372,680.7352941176471,34,24,2,0.1122994652406417,23145,3.0,29,4.439087608729601,4.248495242049359,13.575894578081533,3.5263605246161616,1,0,0.944640825114151
IoTNet24,MLP,0.4129568272568125,3.684173889242945,54744.44297766372,680.7352941176471,34,24,2,0.1122994652406417,23145,3.0,29,4.439087608729601,3.912023005428146,13.961557058893517,3.912023005428146,1,0,0.8541831742964469
IoTNet24,PassiveAggressive,0.4129568272568125,3.684173889242945,54744.44297766372,680.7352941176471,34,24,2,0.1122994652406417,23145,3.0,29,4.439087608729601,4.248495242049359,13.575894578081533,3.5263605246161616,1,1,0.8881503352828299
IoTNet24,Perceptron,0.4129568272568125,3.684173889242945,54744.44297766372,680.7352941176471,34,24,2,0.1122994652406417,23145,3.0,29,4.439087608729601,4.248495242049359,13.575894578081533,3.5263605246161616,1,1,0.5641685401480229
IoTNet24,QDA,0.4129568272568125,3.684173889242945,54744.44297766372,680.7352941176471,34,24,2,0.1122994652406417,23145,3.0,29,4.439087608729601,7.1372784372603855,17.102255102697693,7.052721049232323,1,0,0.9506201130822226
IoTNet24,Ridge,0.4129568272568125,3.684173889242945,54744.44297766372,680.7352941176471,34,24,2,0.1122994652406417,23145,3.0,29,4.439087608729601,4.248495242049359,17.102255102697693,3.5263605246161616,1,0,0.9716525988050942
IoTNet24,SGD,0.4129568272568125,3.684173889242945,54744.44297766372,680.7352941176471,34,24,2,0.1122994652406417,23145,3.0,29,4.439087608729601,4.248495242049359,13.575894578081533,3.5263605246161616,1,1,0.784209525663176
IoTNet24,TabICL,0.4129568272568125,3.684173889242945,54744.44297766372,680.7352941176471,34,24,2,0.1122994652406417,23145,3.0,29,4.439087608729601,17.131595050277248,13.575894578081533,13.575894578081533,0,1,1.0
IoTNet24,TabNet,0.4129568272568125,3.684173889242945,54744.44297766372,680.7352941176471,34,24,2,0.1122994652406417,23145,3.0,29,4.439087608729601,4.276666119016055,14.326200172481427,4.276666119016055,1,1,0.985178113781528
IoTNet24,TabPFN,0.4129568272568125,3.684173889242945,54744.44297766372,680.7352941176471,34,24,2,0.1122994652406417,23145,3.0,29,4.439087608729601,17.788687814342346,13.575894578081533,13.575894578081533,0,1,1.0
IoTNet24,TabTransformer,0.4129568272568125,3.684173889242945,54744.44297766372,680.7352941176471,34,24,2,0.1122994652406417,23145,3.0,29,4.439087608729601,6.0112671744041615,16.060801227869533,6.0112671744041615,1,0,0.9760595626394606
IoTNet24,XGBoost,0.4129568272568125,3.684173889242945,54744.44297766372,680.7352941176471,34,24,2,0.1122994652406417,23145,3.0,29,4.439087608729601,9.449357272446683,20.855108254431666,6.396929655216146,0,1,0.9994332869432064
KPI-KQI,AdaBoost,3.143139046724287,2.6015120714122686,202.121233349934,12.692307692307692,13,0,9,0.0897435897435897,165,0.0,9,0.9134840453670108,5.703782474656201,12.27606501735021,4.605170185988092,0,0,0.658974611303175
KPI-KQI,Bagging,3.143139046724287,2.6015120714122686,202.121233349934,12.692307692307692,13,0,9,0.0897435897435897,165,0.0,9,0.9134840453670108,9.708080756193517,13.581019085625165,5.9101242542630485,0,2,1.0
KPI-KQI,BernoulliNB,3.143139046724287,2.6015120714122686,202.121233349934,12.692307692307692,13,0,9,0.0897435897435897,165,0.0,9,0.9134840453670108,4.836281906951478,7.6708948313621175,2.5649493574615367,1,0,0.1013245197363484
KPI-KQI,DT,3.143139046724287,2.6015120714122686,202.121233349934,12.692307692307692,13,0,9,0.0897435897435897,165,0.0,9,0.9134840453670108,5.796057750765372,9.668996080197019,1.9981012488349021,0,2,0.9863025070562842
KPI-KQI,ExtraTree,3.143139046724287,2.6015120714122686,202.121233349934,12.692307692307692,13,0,9,0.0897435897435897,165,0.0,9,0.9134840453670108,5.796057750765372,9.668996080197019,1.9981012488349021,0,2,0.9591286835490412
KPI-KQI,GaussianNB,3.143139046724287,2.6015120714122686,202.121233349934,12.692307692307692,13,0,9,0.0897435897435897,165,0.0,9,0.9134840453670108,5.493061443340548,7.6708948313621175,2.5649493574615367,0,0,0.993191644381203
KPI-KQI,KNN,3.143139046724287,2.6015120714122686,202.121233349934,12.692307692307692,13,0,9,0.0897435897435897,165,0.0,9,0.9134840453670108,4.174387269895637,7.6708948313621175,7.6708948313621175,0,0,0.939187767717519
KPI-KQI,LDA,3.143139046724287,2.6015120714122686,202.121233349934,12.692307692307692,13,0,9,0.0897435897435897,165,0.0,9,0.9134840453670108,5.337538079701318,10.235844188823654,2.5649493574615367,0,0,0.8658946629548331
KPI-KQI,LR,3.143139046724287,2.6015120714122686,202.121233349934,12.692307692307692,13,0,9,0.0897435897435897,165,0.0,9,0.9134840453670108,4.836281906951478,7.6708948313621175,2.5649493574615367,1,0,0.9388290202296568
KPI-KQI,LightGBM_ExtraTrees,3.143139046724287,2.6015120714122686,202.121233349934,12.692307692307692,13,0,9,0.0897435897435897,165,0.0,9,0.9134840453670108,10.532096211958502,15.372778554853221,7.701883723491103,0,2,1.0
KPI-KQI,LightGBM_RF,3.143139046724287,2.6015120714122686,202.121233349934,12.692307692307692,13,0,9,0.0897435897435897,165,0.0,9,0.9134840453670108,9.814656338829513,15.372778554853221,7.701883723491103,0,2,0.9066955147782804
KPI-KQI,LinearSVC,3.143139046724287,2.6015120714122686,202.121233349934,12.692307692307692,13,0,9,0.0897435897435897,165,0.0,9,0.9134840453670108,4.836281906951478,7.6708948313621175,2.5649493574615367,1,0,0.9591548719400156
KPI-KQI,PassiveAggressive,3.143139046724287,2.6015120714122686,202.121233349934,12.692307692307692,13,0,9,0.0897435897435897,165,0.0,9,0.9134840453670108,4.836281906951478,7.6708948313621175,2.5649493574615367,1,1,0.8309366083849717
KPI-KQI,Perceptron,3.143139046724287,2.6015120714122686,202.121233349934,12.692307692307692,13,0,9,0.0897435897435897,165,0.0,9,0.9134840453670108,4.836281906951478,7.6708948313621175,2.5649493574615367,0,1,0.6651452889791302
KPI-KQI,QDA,3.143139046724287,2.6015120714122686,202.121233349934,12.692307692307692,13,0,9,0.0897435897435897,165,0.0,9,0.9134840453670108,6.841615476477592,10.235844188823654,5.1298987149230735,1,0,0.8926811401840967
KPI-KQI,Ridge,3.143139046724287,2.6015120714122686,202.121233349934,12.692307692307692,13,0,9,0.0897435897435897,165,0.0,9,0.9134840453670108,4.836281906951478,10.235844188823654,2.5649493574615367,1,0,0.8652376451460234
KPI-KQI,SGD,3.143139046724287,2.6015120714122686,202.121233349934,12.692307692307692,13,0,9,0.0897435897435897,165,0.0,9,0.9134840453670108,4.836281906951478,7.6708948313621175,2.5649493574615367,1,1,0.8771536702453926
MQTTEEB-D,AdaBoost,2.141701568768407,14.83599835004284,12645.819710025931,9273.625,24,20,6,0.1268115942028985,222567,12.0,17,4.826301270943615,5.0106352940962555,19.40306029463142,3.912023005428146,0,0,0.4118674312386026
MQTTEEB-D,Bagging,2.141701568768407,14.83599835004284,12645.819710025931,9273.625,24,20,6,0.1268115942028985,222567,12.0,17,4.826301270943615,16.918151398326362,22.2802278515351,6.789190562331826,0,2,0.8949229955611679
MQTTEEB-D,BernoulliNB,2.141701568768407,14.83599835004284,12645.819710025931,9273.625,24,20,6,0.1268115942028985,222567,12.0,17,4.826301270943615,5.0106352940962555,15.491037289203273,3.1780538303479458,1,0,0.2093089890238733
MQTTEEB-D,DNN,2.141701568768407,14.83599835004284,12645.819710025931,9273.625,24,20,6,0.1268115942028985,222567,12.0,17,4.826301270943615,3.871201010907891,16.184184469763217,3.871201010907891,1,0,1.5058809150226011e-05
MQTTEEB-D,DT,2.141701568768407,14.83599835004284,12645.819710025931,9273.625,24,20,6,0.1268115942028985,222567,12.0,17,4.826301270943615,13.006128392898216,18.368204846106952,2.87716755690368,0,2,0.8927250931339531
MQTTEEB-D,ExtraTree,2.141701568768407,14.83599835004284,12645.819710025931,9273.625,24,20,6,0.1268115942028985,222567,12.0,17,4.826301270943615,13.006128392898216,18.368204846106952,2.87716755690368,0,2,0.8841476379601013
MQTTEEB-D,FT-Transformer,2.141701568768407,14.83599835004284,12645.819710025931,9273.625,24,20,6,0.1268115942028985,222567,12.0,17,4.826301270943615,5.950642552587727,18.263626011443055,5.950642552587727,2,0,0.2046275732627276
MQTTEEB-D,GaussianNB,2.141701568768407,14.83599835004284,12645.819710025931,9273.625,24,20,6,0.1268115942028985,222567,12.0,17,4.826301270943615,5.683579767338681,15.491037289203273,3.1780538303479458,0,0,0.1131180349242593
MQTTEEB-D,KNN,2.141701568768407,14.83599835004284,12645.819710025931,9273.625,24,20,6,0.1268115942028985,222567,12.0,17,4.826301270943615,5.575949103146316,15.491037289203273,15.491037289203273,0,0,0.883143214073176
MQTTEEB-D,LDA,2.141701568768407,14.83599835004284,12645.819710025931,9273.625,24,20,6,0.1268115942028985,222567,12.0,17,4.826301270943615,6.095824562432225,18.66909111955122,3.1780538303479458,0,0,0.0842193094715748
MQTTEEB-D,LR,2.141701568768407,14.83599835004284,12645.819710025931,9273.625,24,20,6,0.1268115942028985,222567,12.0,17,4.826301270943615,5.0106352940962555,15.491037289203273,3.1780538303479458,1,0,0.1116998608694914
MQTTEEB-D,LightGBM_ExtraTrees,2.141701568768407,14.83599835004284,12645.819710025931,9273.625,24,20,6,0.1268115942028985,222567,12.0,17,4.826301270943615,10.138559674715612,22.973375032095046,7.4823377428917714,0,2,0.4302524253403413
MQTTEEB-D,LightGBM_RF,2.141701568768407,14.83599835004284,12645.819710025931,9273.625,24,20,6,0.1268115942028985,222567,12.0,17,4.826301270943615,11.237171963383721,24.071987320763153,8.580950031559881,0,2,0.8723646766556503
MQTTEEB-D,LinearSVC,2.141701568768407,14.83599835004284,12645.819710025931,9273.625,24,20,6,0.1268115942028985,222567,12.0,17,4.826301270943615,5.0106352940962555,15.491037289203273,3.1780538303479458,1,0,0.0
MQTTEEB-D,MLP,2.141701568768407,14.83599835004284,12645.819710025931,9273.625,24,20,6,0.1268115942028985,222567,12.0,17,4.826301270943615,4.605170185988092,16.918153644843418,4.605170185988092,1,0,0.0
MQTTEEB-D,PassiveAggressive,2.141701568768407,14.83599835004284,12645.819710025931,9273.625,24,20,6,0.1268115942028985,222567,12.0,17,4.826301270943615,5.0106352940962555,15.491037289203273,3.1780538303479458,1,1,0.024828694298335
MQTTEEB-D,Perceptron,2.141701568768407,14.83599835004284,12645.819710025931,9273.625,24,20,6,0.1268115942028985,222567,12.0,17,4.826301270943615,5.0106352940962555,15.491037289203273,3.1780538303479458,1,1,9.984804048543068e-06
MQTTEEB-D,QDA,2.141701568768407,14.83599835004284,12645.819710025931,9273.625,24,20,6,0.1268115942028985,222567,12.0,17,4.826301270943615,7.572502985020384,18.66909111955122,6.3561076606958915,1,0,0.2641390452930099
MQTTEEB-D,Ridge,2.141701568768407,14.83599835004284,12645.819710025931,9273.625,24,20,6,0.1268115942028985,222567,12.0,17,4.826301270943615,5.0106352940962555,18.66909111955122,3.1780538303479458,1,0,0.3804888018580776
MQTTEEB-D,SGD,2.141701568768407,14.83599835004284,12645.819710025931,9273.625,24,20,6,0.1268115942028985,222567,12.0,17,4.826301270943615,5.0106352940962555,15.491037289203273,3.1780538303479458,1,1,1.0122073650618736e-05
MQTTEEB-D,TabICL,2.141701568768407,14.83599835004284,12645.819710025931,9273.625,24,20,6,0.1268115942028985,222567,12.0,17,4.826301270943615,17.131595050277248,15.491037289203273,15.491037289203273,0,1,0.8901160193843605
MQTTEEB-D,TabNet,2.141701568768407,14.83599835004284,12645.819710025931,9273.625,24,20,6,0.1268115942028985,222567,12.0,17,4.826301270943615,4.564348191467836,16.877331650323164,4.564348191467836,1,1,0.4686805674271453
MQTTEEB-D,TabPFN,2.141701568768407,14.83599835004284,12645.819710025931,9273.625,24,20,6,0.1268115942028985,222567,12.0,17,4.826301270943615,17.788687814342346,15.491037289203273,15.491037289203273,0,1,0.8959291304043719
MQTTEEB-D,TabTransformer,2.141701568768407,14.83599835004284,12645.819710025931,9273.625,24,20,6,0.1268115942028985,222567,12.0,17,4.826301270943615,4.969813299576001,17.282796758431328,4.969813299576001,1,0,0.0
MQTTEEB-D,XGBoost,2.141701568768407,14.83599835004284,12645.819710025931,9273.625,24,20,6,0.1268115942028985,222567,12.0,17,4.826301270943615,10.547969561114792,24.071987320763153,7.495541943884256,1,1,0.8891072545753322
NSL-KDD,AdaBoost,0.998977475277515,6.491655280828555,64781.95467362706,2912.098039215686,51,18,2,0.0541176470588235,148517,3.0,38,6.388050935516016,5.703782474656201,20.445450527499666,4.605170185988092,0,0,0.932598341377044
NSL-KDD,Bagging,0.998977475277515,6.491655280828555,64781.95467362706,2912.098039215686,51,18,2,0.0541176470588235,148517,3.0,38,6.388050935516016,16.513621528151713,22.596065460512015,6.755785119000438,0,2,0.9914366996395992
NSL-KDD,BernoulliNB,0.998977475277515,6.491655280828555,64781.95467362706,2912.098039215686,51,18,2,0.0541176470588235,148517,3.0,38,6.388050935516016,4.6443908991413725,15.840280341511576,3.9318256327243257,1,0,0.7411323304741574
NSL-KDD,DNN,0.998977475277515,6.491655280828555,64781.95467362706,2912.098039215686,51,18,2,0.0541176470588235,148517,3.0,38,6.388050935516016,3.871201010907891,15.77965571969514,3.871201010907891,1,0,0.9299507932693444
NSL-KDD,DT,0.998977475277515,6.491655280828555,64781.95467362706,2912.098039215686,51,18,2,0.0541176470588235,148517,3.0,38,6.388050935516016,12.601598522723565,18.68404245508387,2.8437621135722924,0,2,0.9886180920139968
NSL-KDD,ExtraTree,0.998977475277515,6.491655280828555,64781.95467362706,2912.098039215686,51,18,2,0.0541176470588235,148517,3.0,38,6.388050935516016,12.601598522723565,18.68404245508387,2.8437621135722924,0,2,0.9854101851194058
NSL-KDD,FT-Transformer,0.998977475277515,6.491655280828555,64781.95467362706,2912.098039215686,51,18,2,0.0541176470588235,148517,3.0,38,6.388050935516016,5.950642552587727,17.859097261374977,5.950642552587727,2,0,0.988416426205926
NSL-KDD,GaussianNB,0.998977475277515,6.491655280828555,64781.95467362706,2912.098039215686,51,18,2,0.0541176470588235,148517,3.0,38,6.388050935516016,5.327876168789581,15.840280341511576,3.9318256327243257,0,0,0.0280103990494727
NSL-KDD,KNN,0.998977475277515,6.491655280828555,64781.95467362706,2912.098039215686,51,18,2,0.0541176470588235,148517,3.0,38,6.388050935516016,5.030437921392435,15.840280341511576,15.840280341511576,0,0,0.98439916192613
NSL-KDD,LDA,0.998977475277515,6.491655280828555,64781.95467362706,2912.098039215686,51,18,2,0.0541176470588235,148517,3.0,38,6.388050935516016,7.2640301428995295,19.772105974235902,3.9318256327243257,0,0,0.8600943644161633
NSL-KDD,LR,0.998977475277515,6.491655280828555,64781.95467362706,2912.098039215686,51,18,2,0.0541176470588235,148517,3.0,38,6.388050935516016,4.6443908991413725,15.840280341511576,3.9318256327243257,0,0,0.6894571907128075
NSL-KDD,LightGBM_ExtraTrees,0.998977475277515,6.491655280828555,64781.95467362706,2912.098039215686,51,18,2,0.0541176470588235,148517,3.0,38,6.388050935516016,10.138559674715612,23.28921264107196,7.448932299560384,0,2,0.9796804592740244
NSL-KDD,LightGBM_RF,0.998977475277515,6.491655280828555,64781.95467362706,2912.098039215686,51,18,2,0.0541176470588235,148517,3.0,38,6.388050935516016,11.237171963383721,24.38782492974007,8.547544588228494,0,2,0.9861236322054544
NSL-KDD,LinearSVC,0.998977475277515,6.491655280828555,64781.95467362706,2912.098039215686,51,18,2,0.0541176470588235,148517,3.0,38,6.388050935516016,4.6443908991413725,15.840280341511576,3.9318256327243257,1,0,0.7096130390475422
NSL-KDD,MLP,0.998977475277515,6.491655280828555,64781.95467362706,2912.098039215686,51,18,2,0.0541176470588235,148517,3.0,38,6.388050935516016,3.912023005428146,15.820477714215397,3.912023005428146,1,0,0.9167586283111556
NSL-KDD,PassiveAggressive,0.998977475277515,6.491655280828555,64781.95467362706,2912.098039215686,51,18,2,0.0541176470588235,148517,3.0,38,6.388050935516016,4.6443908991413725,15.840280341511576,3.9318256327243257,1,1,0.7877856784469817
NSL-KDD,Perceptron,0.998977475277515,6.491655280828555,64781.95467362706,2912.098039215686,51,18,2,0.0541176470588235,148517,3.0,38,6.388050935516016,4.6443908991413725,15.840280341511576,3.9318256327243257,1,1,0.6847251663892989
NSL-KDD,QDA,0.998977475277515,6.491655280828555,64781.95467362706,2912.098039215686,51,18,2,0.0541176470588235,148517,3.0,38,6.388050935516016,7.9208096792886,19.772105974235902,7.8636512654486515,1,0,0.846044532561998
NSL-KDD,Ridge,0.998977475277515,6.491655280828555,64781.95467362706,2912.098039215686,51,18,2,0.0541176470588235,148517,3.0,38,6.388050935516016,4.6443908991413725,19.772105974235902,3.9318256327243257,1,0,0.8650414421300557
NSL-KDD,SGD,0.998977475277515,6.491655280828555,64781.95467362706,2912.098039215686,51,18,2,0.0541176470588235,148517,3.0,38,6.388050935516016,4.6443908991413725,15.840280341511576,3.9318256327243257,2,1,-0.2898210614582299
NSL-KDD,TabICL,0.998977475277515,6.491655280828555,64781.95467362706,2912.098039215686,51,18,2,0.0541176470588235,148517,3.0,38,6.388050935516016,17.131595050277248,15.840280341511576,15.840280341511576,0,1,0.9872577913955084
NSL-KDD,TabNet,0.998977475277515,6.491655280828555,64781.95467362706,2912.098039215686,51,18,2,0.0541176470588235,148517,3.0,38,6.388050935516016,4.276666119016055,16.185120827803306,4.276666119016055,1,1,0.974795163715159
NSL-KDD,TabPFN,0.998977475277515,6.491655280828555,64781.95467362706,2912.098039215686,51,18,2,0.0541176470588235,148517,3.0,38,6.388050935516016,17.788687814342346,15.840280341511576,15.840280341511576,0,1,0.9870858398314968
NSL-KDD,TabTransformer,0.998977475277515,6.491655280828555,64781.95467362706,2912.098039215686,51,18,2,0.0541176470588235,148517,3.0,38,6.388050935516016,6.416732282512326,18.325186991299578,6.416732282512326,1,0,0.9637203082662698
NSL-KDD,XGBoost,0.998977475277515,6.491655280828555,64781.95467362706,2912.098039215686,51,18,2,0.0541176470588235,148517,3.0,38,6.388050935516016,10.547969561114792,24.38782492974007,7.495541943884256,0,1,0.992893198957746
NSR,AdaBoost,1.4651617167614372,3.992999415753717,40.43404533892694,1973.9375,16,12,3,0.0416666666666666,31583,0.0,7,2.558803738484852,5.703782474656201,17.738133188359033,4.605170185988092,0,0,1.0
NSR,Bagging,1.4651617167614372,3.992999415753717,40.43404533892694,1973.9375,16,12,3,0.0416666666666666,31583,0.0,7,2.558803738484852,14.965528634692284,19.749490348057673,6.616527345686734,0,2,1.0
NSR,BernoulliNB,1.4651617167614372,3.992999415753717,40.43404533892694,1973.9375,16,12,3,0.0416666666666666,31583,0.0,7,2.558803738484852,3.9318256327243257,13.13296300237094,2.772588722239781,1,0,1.0
NSR,DNN,1.4651617167614372,3.992999415753717,40.43404533892694,1973.9375,16,12,3,0.0416666666666666,31583,0.0,7,2.558803738484852,4.02535169073515,14.385725970866307,4.02535169073515,1,0,1.0
NSR,DT,1.4651617167614372,3.992999415753717,40.43404533892694,1973.9375,16,12,3,0.0416666666666666,31583,0.0,7,2.558803738484852,11.053505629264137,15.837467342629527,2.7045043402585875,0,2,1.0
NSR,ExtraTree,1.4651617167614372,3.992999415753717,40.43404533892694,1973.9375,16,12,3,0.0416666666666666,31583,0.0,7,2.558803738484852,11.053505629264137,15.837467342629527,2.7045043402585875,0,2,1.0
NSR,FT-Transformer,1.4651617167614372,3.992999415753717,40.43404533892694,1973.9375,16,12,3,0.0416666666666666,31583,0.0,7,2.558803738484852,5.950642552587727,16.311016832718884,5.950642552587727,1,0,1.0
NSR,GaussianNB,1.4651617167614372,3.992999415753717,40.43404533892694,1973.9375,16,12,3,0.0416666666666666,31583,0.0,7,2.558803738484852,4.59511985013459,13.13296300237094,2.772588722239781,0,0,1.0
NSR,KNN,1.4651617167614372,3.992999415753717,40.43404533892694,1973.9375,16,12,3,0.0416666666666666,31583,0.0,7,2.558803738484852,5.170483995038151,13.13296300237094,13.13296300237094,0,0,1.0
NSR,LDA,1.4651617167614372,3.992999415753717,40.43404533892694,1973.9375,16,12,3,0.0416666666666666,31583,0.0,7,2.558803738484852,5.214935757608986,15.90555172461072,2.772588722239781,0,0,0.7186506212450262
NSR,LR,1.4651617167614372,3.992999415753717,40.43404533892694,1973.9375,16,12,3,0.0416666666666666,31583,0.0,7,2.558803738484852,3.9318256327243257,13.13296300237094,2.772588722239781,0,0,1.0
NSR,LightGBM_ExtraTrees,1.4651617167614372,3.992999415753717,40.43404533892694,1973.9375,16,12,3,0.0416666666666666,31583,0.0,7,2.558803738484852,9.433483923290392,20.44263752861762,6.907755278982137,0,2,1.0
NSR,LightGBM_RF,1.4651617167614372,3.992999415753717,40.43404533892694,1973.9375,16,12,3,0.0416666666666666,31583,0.0,7,2.558803738484852,9.433483923290392,20.44263752861762,6.907755278982137,0,2,1.0
NSR,LinearSVC,1.4651617167614372,3.992999415753717,40.43404533892694,1973.9375,16,12,3,0.0416666666666666,31583,0.0,7,2.558803738484852,3.9318256327243257,13.13296300237094,2.772588722239781,1,0,1.0
NSR,MLP,1.4651617167614372,3.992999415753717,40.43404533892694,1973.9375,16,12,3,0.0416666666666666,31583,0.0,7,2.558803738484852,4.605170185988092,14.96554446611925,4.605170185988092,1,0,1.0
NSR,PassiveAggressive,1.4651617167614372,3.992999415753717,40.43404533892694,1973.9375,16,12,3,0.0416666666666666,31583,0.0,7,2.558803738484852,3.9318256327243257,13.13296300237094,2.772588722239781,1,1,1.0
NSR,Perceptron,1.4651617167614372,3.992999415753717,40.43404533892694,1973.9375,16,12,3,0.0416666666666666,31583,0.0,7,2.558803738484852,3.9318256327243257,13.13296300237094,2.772588722239781,1,1,1.0
NSR,QDA,1.4651617167614372,3.992999415753717,40.43404533892694,1973.9375,16,12,3,0.0416666666666666,31583,0.0,7,2.558803738484852,6.1224928095143865,15.90555172461072,5.545177444479562,1,0,1.0
NSR,Ridge,1.4651617167614372,3.992999415753717,40.43404533892694,1973.9375,16,12,3,0.0416666666666666,31583,0.0,7,2.558803738484852,3.9318256327243257,15.90555172461072,2.772588722239781,1,0,1.0
NSR,SGD,1.4651617167614372,3.992999415753717,40.43404533892694,1973.9375,16,12,3,0.0416666666666666,31583,0.0,7,2.558803738484852,3.9318256327243257,13.13296300237094,2.772588722239781,1,1,0.9997394365746908
NSR,TabICL,1.4651617167614372,3.992999415753717,40.43404533892694,1973.9375,16,12,3,0.0416666666666666,31583,0.0,7,2.558803738484852,17.131595050277248,13.13296300237094,13.13296300237094,0,1,1.0
NSR,TabNet,1.4651617167614372,3.992999415753717,40.43404533892694,1973.9375,16,12,3,0.0416666666666666,31583,0.0,7,2.558803738484852,4.276666119016055,14.637040399147214,4.276666119016055,1,1,0.9994789900119287
NSR,TabPFN,1.4651617167614372,3.992999415753717,40.43404533892694,1973.9375,16,12,3,0.0416666666666666,31583,0.0,7,2.558803738484852,17.788687814342346,13.13296300237094,13.13296300237094,0,1,1.0
NSR,TabTransformer,1.4651617167614372,3.992999415753717,40.43404533892694,1973.9375,16,12,3,0.0416666666666666,31583,0.0,7,2.558803738484852,4.564348191467836,14.924722471598995,4.564348191467836,1,0,1.0
NSR,XGBoost,1.4651617167614372,3.992999415753717,40.43404533892694,1973.9375,16,12,3,0.0416666666666666,31583,0.0,7,2.558803738484852,9.449357272446683,20.44263752861762,6.396929655216146,0,1,1.0
QoS-QoE,AdaBoost,0.8946485695732048,6.9820002456060255,77423006.19616407,1410.795918367347,49,3,3,0.1743197278911564,69129,1.0,35,33.00362226514202,5.703782474656201,19.640720087433618,4.605170185988092,0,0,1.0
QoS-QoE,Bagging,0.8946485695732048,6.9820002456060255,77423006.19616407,1410.795918367347,49,3,3,0.1743197278911564,69129,1.0,35,33.00362226514202,15.748892556442318,21.724964097852478,6.689414196406951,0,2,1.0
QoS-QoE,BernoulliNB,0.8946485695732048,6.9820002456060255,77423006.19616407,1410.795918367347,49,3,3,0.1743197278911564,69129,1.0,35,33.00362226514202,5.0106352940962555,15.035549901445528,3.8918202981106265,1,0,0.970802697902191
QoS-QoE,DNN,0.8946485695732048,6.9820002456060255,77423006.19616407,1410.795918367347,49,3,3,0.1743197278911564,69129,1.0,35,33.00362226514202,3.871201010907891,15.014930614242791,3.871201010907891,1,0,0.001511211399933
QoS-QoE,DT,0.8946485695732048,6.9820002456060255,77423006.19616407,1410.795918367347,49,3,3,0.1743197278911564,69129,1.0,35,33.00362226514202,11.836869551014171,17.812941092424335,2.777391190978806,0,2,1.0
QoS-QoE,ExtraTree,0.8946485695732048,6.9820002456060255,77423006.19616407,1410.795918367347,49,3,3,0.1743197278911564,69129,1.0,35,33.00362226514202,11.836869551014171,17.812941092424335,2.777391190978806,0,2,0.99951843917566
QoS-QoE,FT-Transformer,0.8946485695732048,6.9820002456060255,77423006.19616407,1410.795918367347,49,3,3,0.1743197278911564,69129,1.0,35,33.00362226514202,5.950642552587727,17.094372155922628,5.950642552587727,1,0,0.4856383051910378
QoS-QoE,GaussianNB,0.8946485695732048,6.9820002456060255,77423006.19616407,1410.795918367347,49,3,3,0.1743197278911564,69129,1.0,35,33.00362226514202,5.6937321388027,15.035549901445528,3.8918202981106265,0,0,0.2741937627890861
QoS-QoE,KNN,0.8946485695732048,6.9820002456060255,77423006.19616407,1410.795918367347,49,3,3,0.1743197278911564,69129,1.0,35,33.00362226514202,6.289715570908998,15.035549901445528,15.035549901445528,0,0,0.5214210717843054
QoS-QoE,LDA,0.8946485695732048,6.9820002456060255,77423006.19616407,1410.795918367347,49,3,3,0.1743197278911564,69129,1.0,35,33.00362226514202,7.22402480828583,18.927370199556155,3.8918202981106265,0,0,0.8154496603529543
QoS-QoE,LR,0.8946485695732048,6.9820002456060255,77423006.19616407,1410.795918367347,49,3,3,0.1743197278911564,69129,1.0,35,33.00362226514202,5.0106352940962555,15.035549901445528,3.8918202981106265,1,0,0.1816397617282432
QoS-QoE,LightGBM_ExtraTrees,0.8946485695732048,6.9820002456060255,77423006.19616407,1410.795918367347,49,3,3,0.1743197278911564,69129,1.0,35,33.00362226514202,10.532096211958502,23.516723567080536,8.481173665635007,0,2,0.954193554228838
QoS-QoE,LightGBM_RF,0.8946485695732048,6.9820002456060255,77423006.19616407,1410.795918367347,49,3,3,0.1743197278911564,69129,1.0,35,33.00362226514202,9.433483923290392,22.418111278412425,6.907755278982137,0,2,1.0
QoS-QoE,LinearSVC,0.8946485695732048,6.9820002456060255,77423006.19616407,1410.795918367347,49,3,3,0.1743197278911564,69129,1.0,35,33.00362226514202,5.0106352940962555,15.035549901445528,3.8918202981106265,1,0,0.7244299055713502
QoS-QoE,MLP,0.8946485695732048,6.9820002456060255,77423006.19616407,1410.795918367347,49,3,3,0.1743197278911564,69129,1.0,35,33.00362226514202,3.912023005428146,15.055752608763047,3.912023005428146,1,0,1.373421863767835e-05
QoS-QoE,PassiveAggressive,0.8946485695732048,6.9820002456060255,77423006.19616407,1410.795918367347,49,3,3,0.1743197278911564,69129,1.0,35,33.00362226514202,5.0106352940962555,15.035549901445528,3.8918202981106265,1,1,0.0838607705155952
QoS-QoE,Perceptron,0.8946485695732048,6.9820002456060255,77423006.19616407,1410.795918367347,49,3,3,0.1743197278911564,69129,1.0,35,33.00362226514202,5.0106352940962555,15.035549901445528,3.8918202981106265,1,1,0.0844822937779453
QoS-QoE,QDA,0.8946485695732048,6.9820002456060255,77423006.19616407,1410.795918367347,49,3,3,0.1743197278911564,69129,1.0,35,33.00362226514202,8.248529124800218,18.927370199556155,7.783640596221253,1,0,0.9228975679519204
QoS-QoE,Ridge,0.8946485695732048,6.9820002456060255,77423006.19616407,1410.795918367347,49,3,3,0.1743197278911564,69129,1.0,35,33.00362226514202,5.0106352940962555,18.927370199556155,3.8918202981106265,1,0,0.852308493286995
QoS-QoE,SGD,0.8946485695732048,6.9820002456060255,77423006.19616407,1410.795918367347,49,3,3,0.1743197278911564,69129,1.0,35,33.00362226514202,5.0106352940962555,15.035549901445528,3.8918202981106265,1,1,0.1859286803343349
QoS-QoE,TabICL,0.8946485695732048,6.9820002456060255,77423006.19616407,1410.795918367347,49,3,3,0.1743197278911564,69129,1.0,35,33.00362226514202,17.131595050277248,15.035549901445528,15.035549901445528,0,1,0.9994813965346931
QoS-QoE,TabNet,0.8946485695732048,6.9820002456060255,77423006.19616407,1410.795918367347,49,3,3,0.1743197278911564,69129,1.0,35,33.00362226514202,4.564348191467836,15.708077794802737,4.564348191467836,1,1,0.9983332238829784
QoS-QoE,TabPFN,0.8946485695732048,6.9820002456060255,77423006.19616407,1410.795918367347,49,3,3,0.1743197278911564,69129,1.0,35,33.00362226514202,17.788687814342346,15.035549901445528,15.035549901445528,0,1,0.9945908535025512
QoS-QoE,TabTransformer,0.8946485695732048,6.9820002456060255,77423006.19616407,1410.795918367347,49,3,3,0.1743197278911564,69129,1.0,35,33.00362226514202,6.376726947898627,17.52045655123353,6.376726947898627,1,0,0.1692208446875179
QoS-QoE,XGBoost,0.8946485695732048,6.9820002456060255,77423006.19616407,1410.795918367347,49,3,3,0.1743197278911564,69129,1.0,35,33.00362226514202,9.449357272446683,22.418111278412425,6.396929655216146,0,1,1.0
RT-IoT2022,AdaBoost,1.3917275611697617,2.4980694450129617,53382271.56287374,1383.3370786516855,89,9,12,0.0786516853932584,123117,2.0,83,1.212397759003068,5.703782474656201,20.81469695746439,4.605170185988092,0,0,0.926274408430272
RT-IoT2022,Bagging,1.3917275611697617,2.4980694450129617,53382271.56287374,1383.3370786516855,89,9,12,0.0786516853932584,123117,2.0,83,1.212397759003068,16.326056526546424,22.949436144572264,6.739909373095966,0,2,0.995718053427918
RT-IoT2022,BernoulliNB,1.3917275611697617,2.4980694450129617,53382271.56287374,1383.3370786516855,89,9,12,0.0786516853932584,123117,2.0,83,1.212397759003068,6.984716320118266,16.2095267714763,4.48863636973214,1,0,0.6979941221353387
RT-IoT2022,DNN,1.3917275611697617,2.4980694450129617,53382271.56287374,1383.3370786516855,89,9,12,0.0786516853932584,123117,2.0,83,1.212397759003068,3.871201010907891,15.59209141265205,3.871201010907891,1,0,0.2115109546469379
RT-IoT2022,DT,1.3917275611697617,2.4980694450129617,53382271.56287374,1383.3370786516855,89,9,12,0.0786516853932584,123117,2.0,83,1.212397759003068,12.414033521118279,19.037413139144117,2.8278863676678196,0,2,0.9944744944389124
RT-IoT2022,ExtraTree,1.3917275611697617,2.4980694450129617,53382271.56287374,1383.3370786516855,89,9,12,0.0786516853932584,123117,2.0,83,1.212397759003068,12.414033521118279,19.037413139144117,2.8278863676678196,0,2,0.9946988798175588
RT-IoT2022,FT-Transformer,1.3917275611697617,2.4980694450129617,53382271.56287374,1383.3370786516855,89,9,12,0.0786516853932584,123117,2.0,83,1.212397759003068,5.950642552587727,17.671532954331884,5.950642552587727,1,0,0.930053640060905
RT-IoT2022,GaussianNB,1.3917275611697617,2.4980694450129617,53382271.56287374,1383.3370786516855,89,9,12,0.0786516853932584,123117,2.0,83,1.212397759003068,7.672292455628756,16.2095267714763,4.48863636973214,0,0,0.5095426703825702
RT-IoT2022,KNN,1.3917275611697617,2.4980694450129617,53382271.56287374,1383.3370786516855,89,9,12,0.0786516853932584,123117,2.0,83,1.212397759003068,5.58724865840025,16.2095267714763,16.2095267714763,0,0,0.9814468302231116
RT-IoT2022,LDA,1.3917275611697617,2.4980694450129617,53382271.56287374,1383.3370786516855,89,9,12,0.0786516853932584,123117,2.0,83,1.212397759003068,8.53168763756669,20.69816314120844,4.48863636973214,0,0,0.8126485018874889
RT-IoT2022,LR,1.3917275611697617,2.4980694450129617,53382271.56287374,1383.3370786516855,89,9,12,0.0786516853932584,123117,2.0,83,1.212397759003068,6.984716320118266,16.2095267714763,4.48863636973214,0,0,0.5910318586289899
RT-IoT2022,LightGBM_ExtraTrees,1.3917275611697617,2.4980694450129617,53382271.56287374,1383.3370786516855,89,9,12,0.0786516853932584,123117,2.0,83,1.212397759003068,9.433483923290392,23.64258332513221,7.433056553655911,0,2,0.9774791751344712
RT-IoT2022,LightGBM_RF,1.3917275611697617,2.4980694450129617,53382271.56287374,1383.3370786516855,89,9,12,0.0786516853932584,123117,2.0,83,1.212397759003068,11.237171963383721,24.74119561380032,8.53166884232402,0,2,0.989769739640504
RT-IoT2022,LinearSVC,1.3917275611697617,2.4980694450129617,53382271.56287374,1383.3370786516855,89,9,12,0.0786516853932584,123117,2.0,83,1.212397759003068,6.984716320118266,16.2095267714763,4.48863636973214,1,0,0.6284392197610295
RT-IoT2022,MLP,1.3917275611697617,2.4980694450129617,53382271.56287374,1383.3370786516855,89,9,12,0.0786516853932584,123117,2.0,83,1.212397759003068,4.605170185988092,16.32606058773225,4.605170185988092,1,0,0.0822452905443864
RT-IoT2022,PassiveAggressive,1.3917275611697617,2.4980694450129617,53382271.56287374,1383.3370786516855,89,9,12,0.0786516853932584,123117,2.0,83,1.212397759003068,6.984716320118266,16.2095267714763,4.48863636973214,1,1,0.7912984841586438
RT-IoT2022,Perceptron,1.3917275611697617,2.4980694450129617,53382271.56287374,1383.3370786516855,89,9,12,0.0786516853932584,123117,2.0,83,1.212397759003068,6.984716320118266,16.2095267714763,4.48863636973214,0,1,0.5837208546588067
RT-IoT2022,QDA,1.3917275611697617,2.4980694450129617,53382271.56287374,1383.3370786516855,89,9,12,0.0786516853932584,123117,2.0,83,1.212397759003068,10.802184416009235,20.69816314120844,8.97727273946428,1,0,0.471675818926719
RT-IoT2022,Ridge,1.3917275611697617,2.4980694450129617,53382271.56287374,1383.3370786516855,89,9,12,0.0786516853932584,123117,2.0,83,1.212397759003068,6.984716320118266,20.69816314120844,4.48863636973214,1,0,0.935137176004057
RT-IoT2022,SGD,1.3917275611697617,2.4980694450129617,53382271.56287374,1383.3370786516855,89,9,12,0.0786516853932584,123117,2.0,83,1.212397759003068,6.984716320118266,16.2095267714763,4.48863636973214,1,1,0.6284404953284201
RT-IoT2022,TabICL,1.3917275611697617,2.4980694450129617,53382271.56287374,1383.3370786516855,89,9,12,0.0786516853932584,123117,2.0,83,1.212397759003068,17.131595050277248,16.2095267714763,16.2095267714763,0,1,0.9896643000433568
RT-IoT2022,TabNet,1.3917275611697617,2.4980694450129617,53382271.56287374,1383.3370786516855,89,9,12,0.0786516853932584,123117,2.0,83,1.212397759003068,4.564348191467836,16.285238593211997,4.564348191467836,1,1,0.9762747855446424
RT-IoT2022,TabPFN,1.3917275611697617,2.4980694450129617,53382271.56287374,1383.3370786516855,89,9,12,0.0786516853932584,123117,2.0,83,1.212397759003068,17.788687814342346,16.2095267714763,16.2095267714763,0,1,0.9891544290590524
RT-IoT2022,TabTransformer,1.3917275611697617,2.4980694450129617,53382271.56287374,1383.3370786516855,89,9,12,0.0786516853932584,123117,2.0,83,1.212397759003068,6.97354301952014,18.6944334212643,6.97354301952014,1,0,0.9481983376535404
RT-IoT2022,XGBoost,1.3917275611697617,2.4980694450129617,53382271.56287374,1383.3370786516855,89,9,12,0.0786516853932584,123117,2.0,83,1.212397759003068,13.32791306031749,24.74119561380032,8.006367567650246,1,1,0.9960445427019036
Social Network Ads,AdaBoost,0.940588414019384,3.167499702596297,25727.98378440026,200.0,2,0,2,0.0,400,0.0,0,8.440714866762034,5.703782474656201,11.289781913656018,4.605170185988092,0,0,0.7744416227828597
Social Network Ads,Bagging,0.940588414019384,3.167499702596297,25727.98378440026,200.0,2,0,2,0.0,400,0.0,0,8.440714866762034,10.595383951194421,12.753900187334047,6.06928845966612,0,2,0.7690523406931087
Social Network Ads,BernoulliNB,0.940588414019384,3.167499702596297,25727.98378440026,200.0,2,0,2,0.0,400,0.0,0,8.440714866762034,1.791759469228055,6.684611727667927,0.6931471805599453,1,0,0.0
Social Network Ads,DT,0.940588414019384,3.167499702596297,25727.98378440026,200.0,2,0,2,0.0,400,0.0,0,8.440714866762034,6.683360945766275,8.8418771819059,2.1572654542379737,0,2,0.7120296373445573
Social Network Ads,ExtraTree,0.940588414019384,3.167499702596297,25727.98378440026,200.0,2,0,2,0.0,400,0.0,0,8.440714866762034,6.683360945766275,8.8418771819059,2.1572654542379737,0,2,0.7161766487190995
Social Network Ads,GaussianNB,0.940588414019384,3.167499702596297,25727.98378440026,200.0,2,0,2,0.0,400,0.0,0,8.440714866762034,2.302585092994046,6.684611727667927,0.6931471805599453,0,0,0.7357923766031883
Social Network Ads,KNN,0.940588414019384,3.167499702596297,25727.98378440026,200.0,2,0,2,0.0,400,0.0,0,8.440714866762034,2.302585092994046,6.684611727667927,6.684611727667927,0,0,0.6142233684785466
Social Network Ads,LDA,0.940588414019384,3.167499702596297,25727.98378440026,200.0,2,0,2,0.0,400,0.0,0,8.440714866762034,1.9459101490553132,7.3777589082278725,0.6931471805599453,0,0,0.667087879162388
Social Network Ads,LR,0.940588414019384,3.167499702596297,25727.98378440026,200.0,2,0,2,0.0,400,0.0,0,8.440714866762034,1.791759469228055,6.684611727667927,0.6931471805599453,0,0,0.6777436962883433
Social Network Ads,LightGBM_ExtraTrees,0.940588414019384,3.167499702596297,25727.98378440026,200.0,2,0,2,0.0,400,0.0,0,8.440714866762034,10.138559674715612,13.447047367893992,6.762435640226065,0,2,0.8259509050940234
Social Network Ads,LightGBM_RF,0.940588414019384,3.167499702596297,25727.98378440026,200.0,2,0,2,0.0,400,0.0,0,8.440714866762034,9.814656338829513,14.545659656562101,7.861047928894175,0,2,0.8131083189238553
Social Network Ads,LinearSVC,0.940588414019384,3.167499702596297,25727.98378440026,200.0,2,0,2,0.0,400,0.0,0,8.440714866762034,1.791759469228055,6.684611727667927,0.6931471805599453,1,0,0.0
Social Network Ads,PassiveAggressive,0.940588414019384,3.167499702596297,25727.98378440026,200.0,2,0,2,0.0,400,0.0,0,8.440714866762034,1.791759469228055,6.684611727667927,0.6931471805599453,1,1,0.0052163343395205
Social Network Ads,Perceptron,0.940588414019384,3.167499702596297,25727.98378440026,200.0,2,0,2,0.0,400,0.0,0,8.440714866762034,1.791759469228055,6.684611727667927,0.6931471805599453,1,1,0.0085182383063888
Social Network Ads,QDA,0.940588414019384,3.167499702596297,25727.98378440026,200.0,2,0,2,0.0,400,0.0,0,8.440714866762034,2.302585092994046,7.3777589082278725,1.3862943611198906,1,0,0.7896820107311463
Social Network Ads,Ridge,0.940588414019384,3.167499702596297,25727.98378440026,200.0,2,0,2,0.0,400,0.0,0,8.440714866762034,1.791759469228055,7.3777589082278725,0.6931471805599453,1,0,0.6929997575029098
Social Network Ads,SGD,0.940588414019384,3.167499702596297,25727.98378440026,200.0,2,0,2,0.0,400,0.0,0,8.440714866762034,1.791759469228055,6.684611727667927,0.6931471805599453,2,1,0.0085182383063888
UAVIDS-2025,AdaBoost,2.31413732457578,5.057254954872176,140378.79317439356,4212.793103448276,29,12,5,0.0541871921182266,122171,9.0,27,5.510876682324816,5.0106352940962555,18.99249581709477,3.912023005428146,0,0,0.6350019876407236
UAVIDS-2025,Bagging,2.31413732457578,5.057254954872176,140378.79317439356,4212.793103448276,29,12,5,0.0541871921182266,122171,9.0,27,5.510876682324816,16.318343075035592,21.81972388230439,6.739251070637767,0,2,0.9388609947752904
UAVIDS-2025,BernoulliNB,2.31413732457578,5.057254954872176,140378.79317439356,4212.793103448276,29,12,5,0.0541871921182266,122171,9.0,27,5.510876682324816,5.0106352940962555,15.080472811666624,3.367295829986474,1,0,0.3110079337648888
UAVIDS-2025,DNN,2.31413732457578,5.057254954872176,140378.79317439356,4212.793103448276,29,12,5,0.0541871921182266,122171,9.0,27,5.510876682324816,3.871201010907891,15.58437799258804,3.871201010907891,1,0,0.8404612116231738
UAVIDS-2025,DT,2.31413732457578,5.057254954872176,140378.79317439356,4212.793103448276,29,12,5,0.0541871921182266,122171,9.0,27,5.510876682324816,12.406320069607448,17.907700876876245,2.8272280652096216,0,2,0.9315966860622532
UAVIDS-2025,ExtraTree,2.31413732457578,5.057254954872176,140378.79317439356,4212.793103448276,29,12,5,0.0541871921182266,122171,9.0,27,5.510876682324816,12.406320069607448,17.907700876876245,2.8272280652096216,0,2,0.9336150813275808
UAVIDS-2025,FT-Transformer,2.31413732457578,5.057254954872176,140378.79317439356,4212.793103448276,29,12,5,0.0541871921182266,122171,9.0,27,5.510876682324816,5.950642552587727,17.663819534267876,5.950642552587727,2,0,0.9288623610834116
UAVIDS-2025,GaussianNB,2.31413732457578,5.057254954872176,140378.79317439356,4212.793103448276,29,12,5,0.0541871921182266,122171,9.0,27,5.510876682324816,5.68697535633982,15.080472811666624,3.367295829986474,0,0,0.361973912345029
UAVIDS-2025,KNN,2.31413732457578,5.057254954872176,140378.79317439356,4212.793103448276,29,12,5,0.0541871921182266,122171,9.0,27,5.510876682324816,4.976733742420574,15.080472811666624,15.080472811666624,0,0,0.918186355845334
UAVIDS-2025,LDA,2.31413732457578,5.057254954872176,140378.79317439356,4212.793103448276,29,12,5,0.0541871921182266,122171,9.0,27,5.510876682324816,6.363028103540465,18.4477686416531,3.367295829986474,0,0,0.6905270954838503
UAVIDS-2025,LR,2.31413732457578,5.057254954872176,140378.79317439356,4212.793103448276,29,12,5,0.0541871921182266,122171,9.0,27,5.510876682324816,5.0106352940962555,15.080472811666624,3.367295829986474,0,0,0.6912943719003876
UAVIDS-2025,LightGBM_ExtraTrees,2.31413732457578,5.057254954872176,140378.79317439356,4212.793103448276,29,12,5,0.0541871921182266,122171,9.0,27,5.510876682324816,10.138559674715612,22.51287106286434,7.4323982511977125,0,2,0.8945098293781403
UAVIDS-2025,LightGBM_RF,2.31413732457578,5.057254954872176,140378.79317439356,4212.793103448276,29,12,5,0.0541871921182266,122171,9.0,27,5.510876682324816,10.138559674715612,22.51287106286434,7.4323982511977125,0,2,0.9354072864445784
UAVIDS-2025,LinearSVC,2.31413732457578,5.057254954872176,140378.79317439356,4212.793103448276,29,12,5,0.0541871921182266,122171,9.0,27,5.510876682324816,5.0106352940962555,15.080472811666624,3.367295829986474,1,0,0.7410975639070277
UAVIDS-2025,MLP,2.31413732457578,5.057254954872176,140378.79317439356,4212.793103448276,29,12,5,0.0541871921182266,122171,9.0,27,5.510876682324816,4.605170185988092,16.318347167668243,4.605170185988092,1,0,0.6658034358859891
UAVIDS-2025,PassiveAggressive,2.31413732457578,5.057254954872176,140378.79317439356,4212.793103448276,29,12,5,0.0541871921182266,122171,9.0,27,5.510876682324816,5.0106352940962555,15.080472811666624,3.367295829986474,1,1,0.6144366290927566
UAVIDS-2025,Perceptron,2.31413732457578,5.057254954872176,140378.79317439356,4212.793103448276,29,12,5,0.0541871921182266,122171,9.0,27,5.510876682324816,5.0106352940962555,15.080472811666624,3.367295829986474,1,1,0.4969882999396855
UAVIDS-2025,QDA,2.31413732457578,5.057254954872176,140378.79317439356,4212.793103448276,29,12,5,0.0541871921182266,122171,9.0,27,5.510876682324816,7.749322464660356,18.4477686416531,6.734591659972948,1,0,0.5833156185045195
UAVIDS-2025,Ridge,2.31413732457578,5.057254954872176,140378.79317439356,4212.793103448276,29,12,5,0.0541871921182266,122171,9.0,27,5.510876682324816,5.0106352940962555,18.4477686416531,3.367295829986474,1,0,0.6887404722827213
UAVIDS-2025,SGD,2.31413732457578,5.057254954872176,140378.79317439356,4212.793103448276,29,12,5,0.0541871921182266,122171,9.0,27,5.510876682324816,5.0106352940962555,15.080472811666624,3.367295829986474,1,1,0.6278763282705658
UAVIDS-2025,TabICL,2.31413732457578,5.057254954872176,140378.79317439356,4212.793103448276,29,12,5,0.0541871921182266,122171,9.0,27,5.510876682324816,17.131595050277248,15.080472811666624,15.080472811666624,0,1,0.9341766191086406
UAVIDS-2025,TabNet,2.31413732457578,5.057254954872176,140378.79317439356,4212.793103448276,29,12,5,0.0541871921182266,122171,9.0,27,5.510876682324816,4.564348191467836,16.277525173147986,4.564348191467836,1,1,0.6986106181028391
UAVIDS-2025,TabPFN,2.31413732457578,5.057254954872176,140378.79317439356,4212.793103448276,29,12,5,0.0541871921182266,122171,9.0,27,5.510876682324816,17.788687814342346,15.080472811666624,15.080472811666624,0,1,0.9339844991232444
UAVIDS-2025,TabTransformer,2.31413732457578,5.057254954872176,140378.79317439356,4212.793103448276,29,12,5,0.0541871921182266,122171,9.0,27,5.510876682324816,5.8522024797744745,17.565379461454626,5.8522024797744745,1,0,0.874787054269522
UAVIDS-2025,XGBoost,2.31413732457578,5.057254954872176,140378.79317439356,4212.793103448276,29,12,5,0.0541871921182266,122171,9.0,27,5.510876682324816,10.547969561114792,23.611483351532446,7.495541943884256,0,1,0.9455426162647316
UNAC,AdaBoost,0.9629335352469284,2.939332304520088,1965716.8132784516,18.52380952380953,21,0,3,0.1857142857142857,389,0.0,20,6.918825044447929,5.0106352940962555,12.920124786770016,3.912023005428146,0,0,0.9224622988180288
UNAC,Bagging,0.9629335352469284,2.939332304520088,1965716.8132784516,18.52380952380953,21,0,3,0.1857142857142857,389,0.0,20,6.918825044447929,10.567463355795793,15.072738989039129,6.06463720769726,0,2,0.9084816545760044
UNAC,BernoulliNB,0.9629335352469284,2.939332304520088,1965716.8132784516,18.52380952380953,21,0,3,0.1857142857142857,389,0.0,20,6.918825044447929,4.189654742026425,9.00810178134187,3.044522437723423,1,0,0.4729228071637661
UNAC,DT,0.9629335352469284,2.939332304520088,1965716.8132784516,18.52380952380953,21,0,3,0.1857142857142857,389,0.0,20,6.918825044447929,6.655440350367647,11.160715983610983,2.152614202269114,0,2,0.8637657432886802
UNAC,ExtraTree,0.9629335352469284,2.939332304520088,1965716.8132784516,18.52380952380953,21,0,3,0.1857142857142857,389,0.0,20,6.918825044447929,6.655440350367647,11.160715983610983,2.152614202269114,0,2,0.8778856442390968
UNAC,GaussianNB,0.9629335352469284,2.939332304520088,1965716.8132784516,18.52380952380953,21,0,3,0.1857142857142857,389,0.0,20,6.918825044447929,4.859812404361672,9.00810178134187,3.044522437723423,0,0,0.6265125588542573
UNAC,KNN,0.9629335352469284,2.939332304520088,1965716.8132784516,18.52380952380953,21,0,3,0.1857142857142857,389,0.0,20,6.918825044447929,4.990432586778736,9.00810178134187,9.00810178134187,0,0,0.7039543271404304
UNAC,LDA,0.9629335352469284,2.939332304520088,1965716.8132784516,18.52380952380953,21,0,3,0.1857142857142857,389,0.0,20,6.918825044447929,5.683579767338681,12.052624219065292,3.044522437723423,0,0,0.9145598451088728
UNAC,LR,0.9629335352469284,2.939332304520088,1965716.8132784516,18.52380952380953,21,0,3,0.1857142857142857,389,0.0,20,6.918825044447929,4.189654742026425,9.00810178134187,3.044522437723423,1,0,0.844247812011654
UNAC,LightGBM_ExtraTrees,0.9629335352469284,2.939332304520088,1965716.8132784516,18.52380952380953,21,0,3,0.1857142857142857,389,0.0,20,6.918825044447929,11.237171963383721,16.864498458267185,7.856396676925315,0,2,0.8517241634984363
UNAC,LightGBM_RF,0.9629335352469284,2.939332304520088,1965716.8132784516,18.52380952380953,21,0,3,0.1857142857142857,389,0.0,20,6.918825044447929,9.433483923290392,15.765886169599074,6.757784388257205,0,2,0.8207171004816811
UNAC,LinearSVC,0.9629335352469284,2.939332304520088,1965716.8132784516,18.52380952380953,21,0,3,0.1857142857142857,389,0.0,20,6.918825044447929,4.189654742026425,9.00810178134187,3.044522437723423,1,0,0.8969697136820994
UNAC,PassiveAggressive,0.9629335352469284,2.939332304520088,1965716.8132784516,18.52380952380953,21,0,3,0.1857142857142857,389,0.0,20,6.918825044447929,4.189654742026425,9.00810178134187,3.044522437723423,1,1,0.6026862202615609
UNAC,Perceptron,0.9629335352469284,2.939332304520088,1965716.8132784516,18.52380952380953,21,0,3,0.1857142857142857,389,0.0,20,6.918825044447929,4.189654742026425,9.00810178134187,3.044522437723423,1,1,0.2970843474706052
UNAC,QDA,0.9629335352469284,2.939332304520088,1965716.8132784516,18.52380952380953,21,0,3,0.1857142857142857,389,0.0,20,6.918825044447929,6.628041376179533,12.052624219065292,6.089044875446846,1,0,0.9026885221640883
UNAC,Ridge,0.9629335352469284,2.939332304520088,1965716.8132784516,18.52380952380953,21,0,3,0.1857142857142857,389,0.0,20,6.918825044447929,4.189654742026425,12.052624219065292,3.044522437723423,1,0,0.9145598451088728
UNAC,SGD,0.9629335352469284,2.939332304520088,1965716.8132784516,18.52380952380953,21,0,3,0.1857142857142857,389,0.0,20,6.918825044447929,4.189654742026425,9.00810178134187,3.044522437723423,1,1,0.4527385373770199
X-IIoTID,AdaBoost,0.9994817596330786,15.010348119721952,829632020624733.6,6363.054263565891,129,95,2,0.0340358527131782,820834,4.0,106,21.59468305728632,5.703782474656201,23.083058765892446,4.605170185988092,0,0,0.9709150494443536
X-IIoTID,Bagging,0.9994817596330786,15.010348119721952,829632020624733.6,6363.054263565891,129,95,2,0.0340358527131782,820834,4.0,106,21.59468305728632,18.22324575239403,25.367822636158603,6.8899340562542495,0,2,0.9973008625599312
X-IIoTID,BernoulliNB,0.9994817596330786,15.010348119721952,829632020624733.6,6363.054263565891,129,95,2,0.0340358527131782,820834,4.0,106,21.59468305728632,5.560681631015528,18.477888579904356,4.859812404361672,1,0,0.8942114452562644
X-IIoTID,DNN,0.9994817596330786,15.010348119721952,829632020624733.6,6363.054263565891,129,95,2,0.0340358527131782,820834,4.0,106,21.59468305728632,3.871201010907891,17.489277186450572,3.871201010907891,1,0,0.7013571830577445
X-IIoTID,DT,0.9994817596330786,15.010348119721952,829632020624733.6,6363.054263565891,129,95,2,0.0340358527131782,820834,4.0,106,21.59468305728632,14.311222746965882,21.455799630730457,2.9779110508261035,0,2,0.996289045184414
X-IIoTID,ExtraTree,0.9994817596330786,15.010348119721952,829632020624733.6,6363.054263565891,129,95,2,0.0340358527131782,820834,4.0,106,21.59468305728632,14.311222746965882,21.455799630730457,2.9779110508261035,0,2,0.9957573613027773
X-IIoTID,FT-Transformer,0.9994817596330786,15.010348119721952,829632020624733.6,6363.054263565891,129,95,2,0.0340358527131782,820834,4.0,106,21.59468305728632,5.950642552587727,19.56871872813041,5.950642552587727,3,0,0.9858188167792216
X-IIoTID,GaussianNB,0.9994817596330786,15.010348119721952,829632020624733.6,6363.054263565891,129,95,2,0.0340358527131782,820834,4.0,106,21.59468305728632,6.249975242259483,18.477888579904356,4.859812404361672,0,0,0.0
X-IIoTID,KNN,0.9994817596330786,15.010348119721952,829632020624733.6,6363.054263565891,129,95,2,0.0340358527131782,820834,4.0,106,21.59468305728632,7.257707677160043,18.477888579904356,18.477888579904356,0,0,0.9573418296591002
X-IIoTID,LDA,0.9994817596330786,15.010348119721952,829632020624733.6,6363.054263565891,129,95,2,0.0340358527131782,820834,4.0,106,21.59468305728632,9.064505023752638,23.33770098426603,4.859812404361672,1,0,0.0
X-IIoTID,LR,0.9994817596330786,15.010348119721952,829632020624733.6,6363.054263565891,129,95,2,0.0340358527131782,820834,4.0,106,21.59468305728632,5.560681631015528,18.477888579904356,4.859812404361672,0,0,0.0
X-IIoTID,LightGBM_ExtraTrees,0.9994817596330786,15.010348119721952,829632020624733.6,6363.054263565891,129,95,2,0.0340358527131782,820834,4.0,106,21.59468305728632,10.138559674715612,26.06096981671855,7.583081236814195,0,2,0.9899494252326958
X-IIoTID,LightGBM_RF,0.9994817596330786,15.010348119721952,829632020624733.6,6363.054263565891,129,95,2,0.0340358527131782,820834,4.0,106,21.59468305728632,11.237171963383721,27.159582105386658,8.681693525482304,0,2,0.9949748582939274
X-IIoTID,LinearSVC,0.9994817596330786,15.010348119721952,829632020624733.6,6363.054263565891,129,95,2,0.0340358527131782,820834,4.0,106,21.59468305728632,5.560681631015528,18.477888579904356,4.859812404361672,1,0,0.0
X-IIoTID,MLP,0.9994817596330786,15.010348119721952,829632020624733.6,6363.054263565891,129,95,2,0.0340358527131782,820834,4.0,106,21.59468305728632,3.912023005428146,17.53009918097083,3.912023005428146,1,0,0.7415918237012002
X-IIoTID,PassiveAggressive,0.9994817596330786,15.010348119721952,829632020624733.6,6363.054263565891,129,95,2,0.0340358527131782,820834,4.0,106,21.59468305728632,5.560681631015528,18.477888579904356,4.859812404361672,1,1,0.2858025883287565
X-IIoTID,Perceptron,0.9994817596330786,15.010348119721952,829632020624733.6,6363.054263565891,129,95,2,0.0340358527131782,820834,4.0,106,21.59468305728632,5.560681631015528,18.477888579904356,4.859812404361672,1,1,0.0900668032305721
X-IIoTID,QDA,0.9994817596330786,15.010348119721952,829632020624733.6,6363.054263565891,129,95,2,0.0340358527131782,820834,4.0,106,21.59468305728632,9.742614326948043,23.33770098426603,9.719624808723344,1,0,0.0151198310575346
X-IIoTID,Ridge,0.9994817596330786,15.010348119721952,829632020624733.6,6363.054263565891,129,95,2,0.0340358527131782,820834,4.0,106,21.59468305728632,5.560681631015528,23.33770098426603,4.859812404361672,1,0,0.946824026279826
X-IIoTID,SGD,0.9994817596330786,15.010348119721952,829632020624733.6,6363.054263565891,129,95,2,0.0340358527131782,820834,4.0,106,21.59468305728632,5.560681631015528,18.477888579904356,4.859812404361672,1,1,0.0630390962405954
X-IIoTID,TabICL,0.9994817596330786,15.010348119721952,829632020624733.6,6363.054263565891,129,95,2,0.0340358527131782,820834,4.0,106,21.59468305728632,17.131595050277248,18.477888579904356,18.477888579904356,0,1,0.9937891287762404
X-IIoTID,TabNet,0.9994817596330786,15.010348119721952,829632020624733.6,6363.054263565891,129,95,2,0.0340358527131782,820834,4.0,106,21.59468305728632,4.276666119016055,17.89474229455874,4.276666119016055,1,1,0.986558635906058
X-IIoTID,TabPFN,0.9994817596330786,15.010348119721952,829632020624733.6,6363.054263565891,129,95,2,0.0340358527131782,820834,4.0,106,21.59468305728632,17.788687814342346,18.477888579904356,18.477888579904356,0,1,0.9925342166304176
X-IIoTID,TabTransformer,0.9994817596330786,15.010348119721952,829632020624733.6,6363.054263565891,129,95,2,0.0340358527131782,820834,4.0,106,21.59468305728632,7.344719054149673,20.962795229692354,7.344719054149673,1,0,0.8628058194245067
X-IIoTID,XGBoost,0.9994817596330786,15.010348119721952,829632020624733.6,6363.054263565891,129,95,2,0.0340358527131782,820834,4.0,106,21.59468305728632,10.547969561114792,27.159582105386658,7.495541943884256,1,1,0.9978495610585918
